id,name,state,created_at,updated_at,url,tags,summary._runtime,summary._step,summary._timestamp,summary._wandb,summary.actor_loss,summary.critic1_loss,summary.critic2_loss,summary.eval/return,summary.step,metadata.os,metadata.python,metadata.startedAt,metadata.args,metadata.program,metadata.codePath,metadata.codePathLocal,metadata.git.remote,metadata.git.commit,metadata.email,metadata.root,metadata.host,metadata.executable,metadata.cpu_count,metadata.cpu_count_logical,metadata.gpu,metadata.gpu_count,metadata.disk./.total,metadata.disk./.used,metadata.memory.total,metadata.gpu_nvidia,metadata.cudaVersion,metadata.writerId,summary.reward_model_loss
kzd45x6w,rl_p1_mlp_seed42,crashed,2026-04-17T10:01:04Z,,https://wandb.ai/krishsachdev246-bits-pilani/saidl-rl/runs/kzd45x6w,,212.208580931,5.0,1776420277.6447396,{'runtime': 212},-123.35365295410156,20.345211029052734,16.809680938720703,288.37875689100485,60000.0,Linux-6.6.113+-x86_64-with-glibc2.35,CPython 3.12.12,2026-04-17T10:01:03.871467Z,"['experiment.name=rl_p1_mlp_seed42', 'agent=td3_mlp', 'env=hopper_full', 'seed=42', 'total_steps=1000000', 'eval_interval=10000', 'eval_episodes=10']",/kaggle/working/SAiDL_Assignment/rl/src/train.py,rl/src/train.py,src/train.py,https://x-access-token:@github.com/Krish-Sachdev-7/SAiDL-Summer-Assignment2026.git,5c97f28002b87ca8059975e1df765e2be02bc691,krishsachdev246@gmail.com,/kaggle/working/SAiDL_Assignment/rl,1e37d472a8f2,/usr/bin/python3,2.0,4.0,Tesla P100-PCIE-16GB,1.0,8656922775552,7354348318720,33662472192,"[{'name': 'Tesla P100-PCIE-16GB', 'memoryTotal': '17179869184', 'cudaCores': 3584, 'architecture': 'Pascal', 'uuid': 'GPU-92f24c24-f100-112c-2677-d5e87bc1c417'}]",13.0,mdrirk99rde0hhu24r9bvhx69c9ouz0d,
yr2d49i3,rl_p1_mlp_seed42,crashed,2026-04-17T10:05:51Z,,https://wandb.ai/krishsachdev246-bits-pilani/saidl-rl/runs/yr2d49i3,,1377.936443785,25.0,1776421729.6068895,{'runtime': 1377},-145.51739501953125,3.717766046524048,4.265814781188965,440.9534307077076,260000.0,Linux-6.6.113+-x86_64-with-glibc2.35,CPython 3.12.12,2026-04-17T10:05:50.587160Z,"['experiment.name=rl_p1_mlp_seed42', 'agent=td3_mlp', 'env=hopper_full', 'seed=42', 'total_steps=1000000', 'eval_interval=10000', 'eval_episodes=10']",/kaggle/working/SAiDL_Assignment/rl/src/train.py,rl/src/train.py,src/train.py,https://x-access-token:@github.com/Krish-Sachdev-7/SAiDL-Summer-Assignment2026.git,5c97f28002b87ca8059975e1df765e2be02bc691,krishsachdev246@gmail.com,/kaggle/working/SAiDL_Assignment/rl,1e37d472a8f2,/usr/bin/python3,2.0,4.0,Tesla P100-PCIE-16GB,1.0,8656922775552,7354348953600,33662472192,"[{'name': 'Tesla P100-PCIE-16GB', 'memoryTotal': '17179869184', 'cudaCores': 3584, 'architecture': 'Pascal', 'uuid': 'GPU-92f24c24-f100-112c-2677-d5e87bc1c417'}]",13.0,anvs4z4t1bvicn0xpjddiv2g5j41gx1b,
d48k9682,rl_p1_mlp_seed42,killed,2026-04-21T10:21:58Z,,https://wandb.ai/krishsachdev246-bits-pilani/saidl-rl/runs/d48k9682,,136.0,3.0,1776767035.1682258,{'runtime': 136},-62.68088150024414,12.155818939208984,12.853150367736816,260.39222044929545,40000.0,Linux-6.6.113+-x86_64-with-glibc2.35,CPython 3.12.12,2026-04-21T10:21:57.158675Z,"['experiment.name=rl_p1_mlp_seed42', 'agent=td3_mlp', 'env=hopper_full', 'seed=42', 'total_steps=1000000', 'eval_interval=10000', 'eval_episodes=10']",/kaggle/working/SAiDL_Assignment/rl/src/train.py,rl/src/train.py,src/train.py,https://x-access-token:@github.com/Krish-Sachdev-7/SAiDL-Summer-Assignment2026.git,5c97f28002b87ca8059975e1df765e2be02bc691,krishsachdev246@gmail.com,/kaggle/working/SAiDL_Assignment/rl,55cbe970a322,/usr/bin/python3,2.0,4.0,Tesla P100-PCIE-16GB,1.0,8656922775552,7354303160320,33662472192,"[{'name': 'Tesla P100-PCIE-16GB', 'memoryTotal': '17179869184', 'cudaCores': 3584, 'architecture': 'Pascal', 'uuid': 'GPU-ee963d55-cc88-2323-e7b1-cbf8586d8747'}]",13.0,5r885zxsipiz1g35scpwnvhez0jy097t,
vuxqctj9,rl_p1_mlp_seed42,killed,2026-04-21T10:25:33Z,,https://wandb.ai/krishsachdev246-bits-pilani/saidl-rl/runs/vuxqctj9,,98.0,2.0,1776767180.180375,{'runtime': 98},-17.430919647216797,2.443986415863037,2.718743085861206,170.42325178420754,30000.0,Linux-6.6.113+-x86_64-with-glibc2.35,CPython 3.12.12,2026-04-21T10:25:32.526288Z,"['experiment.name=rl_p1_mlp_seed42', 'agent=td3_mlp', 'env=hopper_full', 'seed=42', 'total_steps=50000', 'eval_interval=10000', 'eval_episodes=10']",/kaggle/working/SAiDL_Assignment/rl/src/train.py,rl/src/train.py,src/train.py,https://x-access-token:@github.com/Krish-Sachdev-7/SAiDL-Summer-Assignment2026.git,5c97f28002b87ca8059975e1df765e2be02bc691,krishsachdev246@gmail.com,/kaggle/working/SAiDL_Assignment/rl,55cbe970a322,/usr/bin/python3,2.0,4.0,Tesla P100-PCIE-16GB,1.0,8656922775552,7354303279104,33662472192,"[{'name': 'Tesla P100-PCIE-16GB', 'memoryTotal': '17179869184', 'cudaCores': 3584, 'architecture': 'Pascal', 'uuid': 'GPU-ee963d55-cc88-2323-e7b1-cbf8586d8747'}]",13.0,dz1iczni0xd9vx9ev54nj3ixae67xvxy,
0aij1yn1,rl_p1_mlp_seed42,finished,2026-04-21T10:27:36Z,,https://wandb.ai/krishsachdev246-bits-pilani/saidl-rl/runs/0aij1yn1,,178.0,4.0,1776767434.7896354,{'runtime': 178},-95.84273529052734,15.813939094543455,12.361865997314451,224.066146777862,50000.0,Linux-6.6.113+-x86_64-with-glibc2.35,CPython 3.12.12,2026-04-21T10:27:35.675391Z,"['experiment.name=rl_p1_mlp_seed42', 'agent=td3_mlp', 'env=hopper_full', 'seed=42', 'total_steps=50000', 'eval_interval=10000', 'eval_episodes=5']",/kaggle/working/SAiDL_Assignment/rl/src/train.py,rl/src/train.py,src/train.py,https://x-access-token:@github.com/Krish-Sachdev-7/SAiDL-Summer-Assignment2026.git,5c97f28002b87ca8059975e1df765e2be02bc691,krishsachdev246@gmail.com,/kaggle/working/SAiDL_Assignment/rl,55cbe970a322,/usr/bin/python3,2.0,4.0,Tesla P100-PCIE-16GB,1.0,8656922775552,7354303324160,33662472192,"[{'name': 'Tesla P100-PCIE-16GB', 'memoryTotal': '17179869184', 'cudaCores': 3584, 'architecture': 'Pascal', 'uuid': 'GPU-ee963d55-cc88-2323-e7b1-cbf8586d8747'}]",13.0,lwgkm3zc6i5vupxqpp6jgoghrbj765kk,
rwd0guvj,rl_p1_mlp_seed43,finished,2026-04-21T10:30:39Z,,https://wandb.ai/krishsachdev246-bits-pilani/saidl-rl/runs/rwd0guvj,,174.0,4.0,1776767614.6384354,{'runtime': 174},-74.902099609375,5.635014533996582,6.668279647827148,173.429651254614,50000.0,Linux-6.6.113+-x86_64-with-glibc2.35,CPython 3.12.12,2026-04-21T10:30:39.157460Z,"['experiment.name=rl_p1_mlp_seed43', 'agent=td3_mlp', 'env=hopper_full', 'seed=43', 'total_steps=50000', 'eval_interval=10000', 'eval_episodes=5']",/kaggle/working/SAiDL_Assignment/rl/src/train.py,rl/src/train.py,src/train.py,https://x-access-token:@github.com/Krish-Sachdev-7/SAiDL-Summer-Assignment2026.git,5c97f28002b87ca8059975e1df765e2be02bc691,krishsachdev246@gmail.com,/kaggle/working/SAiDL_Assignment/rl,55cbe970a322,/usr/bin/python3,2.0,4.0,Tesla P100-PCIE-16GB,1.0,8656922775552,7354303344640,33662472192,"[{'name': 'Tesla P100-PCIE-16GB', 'memoryTotal': '17179869184', 'cudaCores': 3584, 'architecture': 'Pascal', 'uuid': 'GPU-ee963d55-cc88-2323-e7b1-cbf8586d8747'}]",13.0,mrxse090tlooutl51jvhz95pteel96pn,
jqfelqbd,rl_p1_mlp_seed44,finished,2026-04-21T10:33:39Z,,https://wandb.ai/krishsachdev246-bits-pilani/saidl-rl/runs/jqfelqbd,,173.0,4.0,1776767793.519204,{'runtime': 173},-102.58039855957033,16.962419509887695,17.340778350830078,199.58384112401455,50000.0,Linux-6.6.113+-x86_64-with-glibc2.35,CPython 3.12.12,2026-04-21T10:33:38.828951Z,"['experiment.name=rl_p1_mlp_seed44', 'agent=td3_mlp', 'env=hopper_full', 'seed=44', 'total_steps=50000', 'eval_interval=10000', 'eval_episodes=5']",/kaggle/working/SAiDL_Assignment/rl/src/train.py,rl/src/train.py,src/train.py,https://x-access-token:@github.com/Krish-Sachdev-7/SAiDL-Summer-Assignment2026.git,5c97f28002b87ca8059975e1df765e2be02bc691,krishsachdev246@gmail.com,/kaggle/working/SAiDL_Assignment/rl,55cbe970a322,/usr/bin/python3,2.0,4.0,Tesla P100-PCIE-16GB,1.0,8656922775552,7354303524864,33662472192,"[{'name': 'Tesla P100-PCIE-16GB', 'memoryTotal': '17179869184', 'cudaCores': 3584, 'architecture': 'Pascal', 'uuid': 'GPU-ee963d55-cc88-2323-e7b1-cbf8586d8747'}]",13.0,qcw3vke31i0fyb87h6gjx004p6sbedqf,
subebgva,rl_p1_tr_L4_seed42,crashed,2026-04-21T10:36:38Z,,https://wandb.ai/krishsachdev246-bits-pilani/saidl-rl/runs/subebgva,,100.123734991,2.0,1776767898.7529154,{'runtime': 100},-17.83354949951172,3.783118963241577,4.096215724945068,170.573330794495,30000.0,Linux-6.6.113+-x86_64-with-glibc2.35,CPython 3.12.12,2026-04-21T10:36:37.857085Z,"['experiment.name=rl_p1_tr_L4_seed42', 'agent=td3_transformer', 'env=hopper_full', 'seed=42', 'agent.actor.context_length=4', 'total_steps=50000', 'eval_interval=10000', 'eval_episodes=5']",/kaggle/working/SAiDL_Assignment/rl/src/train.py,rl/src/train.py,src/train.py,https://x-access-token:@github.com/Krish-Sachdev-7/SAiDL-Summer-Assignment2026.git,5c97f28002b87ca8059975e1df765e2be02bc691,krishsachdev246@gmail.com,/kaggle/working/SAiDL_Assignment/rl,55cbe970a322,/usr/bin/python3,2.0,4.0,Tesla P100-PCIE-16GB,1.0,8656922775552,7354303541248,33662472192,"[{'name': 'Tesla P100-PCIE-16GB', 'memoryTotal': '17179869184', 'cudaCores': 3584, 'architecture': 'Pascal', 'uuid': 'GPU-ee963d55-cc88-2323-e7b1-cbf8586d8747'}]",13.0,u0b1zzh5lbaduxrpmzftklwmkjeunh2e,
6hub30i9,rl_p1_tr_L4_seed42,crashed,2026-04-21T12:01:33Z,,https://wandb.ai/krishsachdev246-bits-pilani/saidl-rl/runs/6hub30i9,,,,,,,,,,,Linux-6.6.113+-x86_64-with-glibc2.35,CPython 3.12.12,2026-04-21T12:01:32.822217Z,"['experiment.name=rl_p1_tr_L4_seed42', 'agent=td3_transformer', 'env=hopper_full', 'seed=42', 'agent.actor.context_length=4', 'total_steps=50000', 'eval_interval=10000', 'eval_episodes=5']",/kaggle/working/SAiDL_Assignment/rl/src/train.py,rl/src/train.py,src/train.py,https://x-access-token:@github.com/Krish-Sachdev-7/SAiDL-Summer-Assignment2026.git,557a172ba58399d18757d7cb23acdddce43c3922,krishsachdev246@gmail.com,/kaggle/working/SAiDL_Assignment/rl,55cbe970a322,/usr/bin/python3,2.0,4.0,Tesla P100-PCIE-16GB,1.0,8656922775552,7354316705792,33662472192,"[{'name': 'Tesla P100-PCIE-16GB', 'memoryTotal': '17179869184', 'cudaCores': 3584, 'architecture': 'Pascal', 'uuid': 'GPU-ee963d55-cc88-2323-e7b1-cbf8586d8747'}]",13.0,j4p5ptbjt2gn0usqgmxas32o0iajdyb0,
wcoy8bdx,rl_p1_mlp_seed42,finished,2026-04-21T12:02:10Z,,https://wandb.ai/krishsachdev246-bits-pilani/saidl-rl/runs/wcoy8bdx,,3244.0,49.0,1776776175.3832192,{'runtime': 3244},-246.1812438964844,6.918571472167969,13.165300369262695,3229.1722756508016,500000.0,Linux-6.6.113+-x86_64-with-glibc2.35,CPython 3.12.12,2026-04-21T12:02:09.969426Z,"['experiment.name=rl_p1_mlp_seed42', 'agent=td3_mlp', 'env=hopper_full', 'seed=42', 'total_steps=500000', 'eval_interval=10000', 'eval_episodes=5']",/kaggle/working/SAiDL_Assignment/rl/src/train.py,rl/src/train.py,src/train.py,https://x-access-token:@github.com/Krish-Sachdev-7/SAiDL-Summer-Assignment2026.git,557a172ba58399d18757d7cb23acdddce43c3922,krishsachdev246@gmail.com,/kaggle/working/SAiDL_Assignment/rl,55cbe970a322,/usr/bin/python3,2.0,4.0,Tesla P100-PCIE-16GB,1.0,8656922775552,7354316754944,33662472192,"[{'name': 'Tesla P100-PCIE-16GB', 'memoryTotal': '17179869184', 'cudaCores': 3584, 'architecture': 'Pascal', 'uuid': 'GPU-ee963d55-cc88-2323-e7b1-cbf8586d8747'}]",13.0,bam1pdy939ooya14s0tt7j463kcwyjtq,
fndk3x7r,rl_p1_mlp_seed43,finished,2026-04-21T12:56:20Z,,https://wandb.ai/krishsachdev246-bits-pilani/saidl-rl/runs/fndk3x7r,,3125.0,49.0,1776779306.537431,{'runtime': 3125},-187.67904663085935,5.763082504272461,7.862668514251709,2402.3615304373197,500000.0,Linux-6.6.113+-x86_64-with-glibc2.35,CPython 3.12.12,2026-04-21T12:56:19.801883Z,"['experiment.name=rl_p1_mlp_seed43', 'agent=td3_mlp', 'env=hopper_full', 'seed=43', 'total_steps=500000', 'eval_interval=10000', 'eval_episodes=5']",/kaggle/working/SAiDL_Assignment/rl/src/train.py,rl/src/train.py,src/train.py,https://x-access-token:@github.com/Krish-Sachdev-7/SAiDL-Summer-Assignment2026.git,557a172ba58399d18757d7cb23acdddce43c3922,krishsachdev246@gmail.com,/kaggle/working/SAiDL_Assignment/rl,55cbe970a322,/usr/bin/python3,2.0,4.0,Tesla P100-PCIE-16GB,1.0,8656922775552,7354316824576,33662472192,"[{'name': 'Tesla P100-PCIE-16GB', 'memoryTotal': '17179869184', 'cudaCores': 3584, 'architecture': 'Pascal', 'uuid': 'GPU-ee963d55-cc88-2323-e7b1-cbf8586d8747'}]",13.0,qrk49z7gy0ptajfnzmjquvcal5ajr926,
i1lm1hde,rl_p1_mlp_seed44,finished,2026-04-21T13:48:31Z,,https://wandb.ai/krishsachdev246-bits-pilani/saidl-rl/runs/i1lm1hde,,3254.0,49.0,1776782565.758433,{'runtime': 3254},-211.86935424804688,17.596813201904297,15.43173885345459,1944.9953925325144,500000.0,Linux-6.6.113+-x86_64-with-glibc2.35,CPython 3.12.12,2026-04-21T13:48:31.035339Z,"['experiment.name=rl_p1_mlp_seed44', 'agent=td3_mlp', 'env=hopper_full', 'seed=44', 'total_steps=500000', 'eval_interval=10000', 'eval_episodes=5']",/kaggle/working/SAiDL_Assignment/rl/src/train.py,rl/src/train.py,src/train.py,https://x-access-token:@github.com/Krish-Sachdev-7/SAiDL-Summer-Assignment2026.git,557a172ba58399d18757d7cb23acdddce43c3922,krishsachdev246@gmail.com,/kaggle/working/SAiDL_Assignment/rl,55cbe970a322,/usr/bin/python3,2.0,4.0,Tesla P100-PCIE-16GB,1.0,8656922775552,7354316873728,33662472192,"[{'name': 'Tesla P100-PCIE-16GB', 'memoryTotal': '17179869184', 'cudaCores': 3584, 'architecture': 'Pascal', 'uuid': 'GPU-ee963d55-cc88-2323-e7b1-cbf8586d8747'}]",13.0,ksspcwyhqcu99gind6dsbu282q0cp4a8,
c79myamo,rl_p1_tr_L4_seed42,crashed,2026-04-21T14:42:51Z,,https://wandb.ai/krishsachdev246-bits-pilani/saidl-rl/runs/c79myamo,,2841.046701233,16.0,1776785412.3463612,{'runtime': 2841},-163.21847534179688,15.645736694335938,16.87192153930664,649.4793522771095,170000.0,Linux-6.6.113+-x86_64-with-glibc2.35,CPython 3.12.12,2026-04-21T14:42:50.587735Z,"['experiment.name=rl_p1_tr_L4_seed42', 'agent=td3_transformer', 'env=hopper_full', 'seed=42', 'agent.actor.context_length=4', 'total_steps=500000', 'eval_interval=10000', 'eval_episodes=5']",/kaggle/working/SAiDL_Assignment/rl/src/train.py,rl/src/train.py,src/train.py,https://x-access-token:@github.com/Krish-Sachdev-7/SAiDL-Summer-Assignment2026.git,557a172ba58399d18757d7cb23acdddce43c3922,krishsachdev246@gmail.com,/kaggle/working/SAiDL_Assignment/rl,55cbe970a322,/usr/bin/python3,2.0,4.0,Tesla P100-PCIE-16GB,1.0,8656922775552,7354316922880,33662472192,"[{'name': 'Tesla P100-PCIE-16GB', 'memoryTotal': '17179869184', 'cudaCores': 3584, 'architecture': 'Pascal', 'uuid': 'GPU-ee963d55-cc88-2323-e7b1-cbf8586d8747'}]",13.0,v3oplnd1wetyr4j0bkjiegorwel6eklk,
rddvmhvv,rl_p1_mlp_seed42,crashed,2026-04-22T12:21:25Z,,https://wandb.ai/krishsachdev246-bits-pilani/saidl-rl/runs/rddvmhvv,,722.218681722,11.0,1776861209.26651,{'runtime': 722},-116.79530334472656,15.30247688293457,15.662107467651367,322.40068241999825,120000.0,Linux-6.6.113+-x86_64-with-glibc2.35,CPython 3.12.12,2026-04-22T12:21:24.609438Z,"['experiment.name=rl_p1_mlp_seed42', 'agent=td3_mlp', 'env=hopper_full', 'seed=42', 'total_steps=200000', 'eval_interval=10000', 'eval_episodes=2']",/kaggle/working/SAiDL_Assignment/rl/src/train.py,rl/src/train.py,src/train.py,https://x-access-token:@github.com/Krish-Sachdev-7/SAiDL-Summer-Assignment2026.git,e63c6b8ced3b9ac1175309d213794914bbe57a70,krishsachdev246@gmail.com,/kaggle/working/SAiDL_Assignment/rl,e2eb4981f50b,/usr/bin/python3,2.0,4.0,Tesla P100-PCIE-16GB,1.0,8656922775552,7354297061376,33662472192,"[{'name': 'Tesla P100-PCIE-16GB', 'memoryTotal': '17179869184', 'cudaCores': 3584, 'architecture': 'Pascal', 'uuid': 'GPU-f7afd0ca-6094-30db-dce4-fb9e02e52524'}]",13.0,gbscopgxsban008fjpsft8e8xh2sva96,
9tsf5a91,rl_p1_mlp_seed42,crashed,2026-04-22T13:00:05Z,,https://wandb.ai/krishsachdev246-bits-pilani/saidl-rl/runs/9tsf5a91,,,,,,,,,,,Linux-6.6.113+-x86_64-with-glibc2.35,CPython 3.12.12,2026-04-22T13:00:04.719215Z,"['experiment.name=rl_p1_mlp_seed42', 'agent=td3_mlp', 'env=hopper_full', 'seed=42', 'total_steps=30000', 'eval_interval=10000', 'eval_episodes=2']",/kaggle/working/SAiDL_Assignment/rl/src/train.py,rl/src/train.py,src/train.py,https://x-access-token:@github.com/Krish-Sachdev-7/SAiDL-Summer-Assignment2026.git,e63c6b8ced3b9ac1175309d213794914bbe57a70,krishsachdev246@gmail.com,/kaggle/working/SAiDL_Assignment/rl,e2eb4981f50b,/usr/bin/python3,2.0,4.0,Tesla P100-PCIE-16GB,1.0,8656922775552,7354301505536,33662472192,"[{'name': 'Tesla P100-PCIE-16GB', 'memoryTotal': '17179869184', 'cudaCores': 3584, 'architecture': 'Pascal', 'uuid': 'GPU-f7afd0ca-6094-30db-dce4-fb9e02e52524'}]",13.0,gdrhofapj41o7g7v2n7ltj90g0hydjx1,
39bnzlv9,rl_p1_tr_L4_seed42,finished,2026-04-22T13:01:00Z,,https://wandb.ai/krishsachdev246-bits-pilani/saidl-rl/runs/39bnzlv9,,545.0,4.0,1776863407.028386,{'runtime': 545},-100.25643920898438,16.49053955078125,17.575023651123047,324.5448321603047,50000.0,Linux-6.6.113+-x86_64-with-glibc2.35,CPython 3.12.12,2026-04-22T13:01:00.124373Z,"['experiment.name=rl_p1_tr_L4_seed42', 'agent=td3_transformer', 'env=hopper_full', 'seed=42', 'agent.actor.context_length=4', 'total_steps=50000', 'eval_interval=10000', 'eval_episodes=5']",/kaggle/working/SAiDL_Assignment/rl/src/train.py,rl/src/train.py,src/train.py,https://x-access-token:@github.com/Krish-Sachdev-7/SAiDL-Summer-Assignment2026.git,e63c6b8ced3b9ac1175309d213794914bbe57a70,krishsachdev246@gmail.com,/kaggle/working/SAiDL_Assignment/rl,e2eb4981f50b,/usr/bin/python3,2.0,4.0,Tesla P100-PCIE-16GB,1.0,8656922775552,7354301550592,33662472192,"[{'name': 'Tesla P100-PCIE-16GB', 'memoryTotal': '17179869184', 'cudaCores': 3584, 'architecture': 'Pascal', 'uuid': 'GPU-f7afd0ca-6094-30db-dce4-fb9e02e52524'}]",13.0,sc3nkvtgmwjdat8j42mxpzke8x33dmdf,
p60w1x0p,rl_p1_tr_L8_seed42,finished,2026-04-22T13:10:13Z,,https://wandb.ai/krishsachdev246-bits-pilani/saidl-rl/runs/p60w1x0p,,609.0,4.0,1776864023.7026136,{'runtime': 609},-87.22059631347656,37.1331901550293,42.57804870605469,192.46476587958637,50000.0,Linux-6.6.113+-x86_64-with-glibc2.35,CPython 3.12.12,2026-04-22T13:10:13.000965Z,"['experiment.name=rl_p1_tr_L8_seed42', 'agent=td3_transformer', 'env=hopper_full', 'seed=42', 'agent.actor.context_length=8', 'total_steps=50000', 'eval_interval=10000', 'eval_episodes=5']",/kaggle/working/SAiDL_Assignment/rl/src/train.py,rl/src/train.py,src/train.py,https://x-access-token:@github.com/Krish-Sachdev-7/SAiDL-Summer-Assignment2026.git,e63c6b8ced3b9ac1175309d213794914bbe57a70,krishsachdev246@gmail.com,/kaggle/working/SAiDL_Assignment/rl,e2eb4981f50b,/usr/bin/python3,2.0,4.0,Tesla P100-PCIE-16GB,1.0,8656922775552,7354301571072,33662472192,"[{'name': 'Tesla P100-PCIE-16GB', 'memoryTotal': '17179869184', 'cudaCores': 3584, 'architecture': 'Pascal', 'uuid': 'GPU-f7afd0ca-6094-30db-dce4-fb9e02e52524'}]",13.0,ib5x7pyirm26hc5s8vzzbxajwdbf0o38,
dq7329d1,rl_p1_tr_L16_seed42,finished,2026-04-22T13:20:32Z,,https://wandb.ai/krishsachdev246-bits-pilani/saidl-rl/runs/dq7329d1,,712.0,4.0,1776864745.3683152,{'runtime': 712},-109.1729736328125,93.8788833618164,85.39787292480469,387.8222039275784,50000.0,Linux-6.6.113+-x86_64-with-glibc2.35,CPython 3.12.12,2026-04-22T13:20:31.622977Z,"['experiment.name=rl_p1_tr_L16_seed42', 'agent=td3_transformer', 'env=hopper_full', 'seed=42', 'agent.actor.context_length=16', 'total_steps=50000', 'eval_interval=10000', 'eval_episodes=5']",/kaggle/working/SAiDL_Assignment/rl/src/train.py,rl/src/train.py,src/train.py,https://x-access-token:@github.com/Krish-Sachdev-7/SAiDL-Summer-Assignment2026.git,e63c6b8ced3b9ac1175309d213794914bbe57a70,krishsachdev246@gmail.com,/kaggle/working/SAiDL_Assignment/rl,e2eb4981f50b,/usr/bin/python3,2.0,4.0,Tesla P100-PCIE-16GB,1.0,8656922775552,7354301583360,33662472192,"[{'name': 'Tesla P100-PCIE-16GB', 'memoryTotal': '17179869184', 'cudaCores': 3584, 'architecture': 'Pascal', 'uuid': 'GPU-f7afd0ca-6094-30db-dce4-fb9e02e52524'}]",13.0,z3o36i9pszn9snogiswahqmhe38s5h3q,
u3xq6x7m,rl_p1_tr_L32_seed42,finished,2026-04-22T13:32:48Z,,https://wandb.ai/krishsachdev246-bits-pilani/saidl-rl/runs/u3xq6x7m,,849.0,4.0,1776865619.9106078,{'runtime': 849},-98.37977600097656,9.067922592163086,8.248462677001953,282.8321967298542,50000.0,Linux-6.6.113+-x86_64-with-glibc2.35,CPython 3.12.12,2026-04-22T13:32:48.378359Z,"['experiment.name=rl_p1_tr_L32_seed42', 'agent=td3_transformer', 'env=hopper_full', 'seed=42', 'agent.actor.context_length=32', 'total_steps=50000', 'eval_interval=10000', 'eval_episodes=5']",/kaggle/working/SAiDL_Assignment/rl/src/train.py,rl/src/train.py,src/train.py,https://x-access-token:@github.com/Krish-Sachdev-7/SAiDL-Summer-Assignment2026.git,e63c6b8ced3b9ac1175309d213794914bbe57a70,krishsachdev246@gmail.com,/kaggle/working/SAiDL_Assignment/rl,e2eb4981f50b,/usr/bin/python3,2.0,4.0,Tesla P100-PCIE-16GB,1.0,8656922775552,7354301595648,33662472192,"[{'name': 'Tesla P100-PCIE-16GB', 'memoryTotal': '17179869184', 'cudaCores': 3584, 'architecture': 'Pascal', 'uuid': 'GPU-f7afd0ca-6094-30db-dce4-fb9e02e52524'}]",13.0,srkeb9jmnv9ntsoh4jcauegul876k1eg,
j3zd7br6,rl_p2_hidden_vel_mlp_seed42,finished,2026-04-22T13:47:06Z,,https://wandb.ai/krishsachdev246-bits-pilani/saidl-rl/runs/j3zd7br6,,200.0,4.0,1776865827.5710382,{'runtime': 200},-43.14398956298828,13.220026969909668,13.468664169311523,170.33629034592292,50000.0,Linux-6.6.113+-x86_64-with-glibc2.35,CPython 3.12.12,2026-04-22T13:47:05.783317Z,"['experiment.name=rl_p2_hidden_vel_mlp_seed42', 'agent=td3_mlp', 'env=hopper_hidden_vel', 'seed=42', 'total_steps=50000', 'eval_interval=10000', 'eval_episodes=5']",/kaggle/working/SAiDL_Assignment/rl/src/train.py,rl/src/train.py,src/train.py,https://x-access-token:@github.com/Krish-Sachdev-7/SAiDL-Summer-Assignment2026.git,e63c6b8ced3b9ac1175309d213794914bbe57a70,krishsachdev246@gmail.com,/kaggle/working/SAiDL_Assignment/rl,e2eb4981f50b,/usr/bin/python3,2.0,4.0,Tesla P100-PCIE-16GB,1.0,8656922775552,7354301612032,33662472192,"[{'name': 'Tesla P100-PCIE-16GB', 'memoryTotal': '17179869184', 'cudaCores': 3584, 'architecture': 'Pascal', 'uuid': 'GPU-f7afd0ca-6094-30db-dce4-fb9e02e52524'}]",13.0,9tdsgjy1lsuw6u0fwu3d6avyrp7fk1ig,
968x4q13,rl_p2_hidden_vel_tr_seed42,finished,2026-04-22T13:50:33Z,,https://wandb.ai/krishsachdev246-bits-pilani/saidl-rl/runs/968x4q13,,602.0,4.0,1776866437.359926,{'runtime': 602},-50.86019134521485,16.705730438232422,16.416759490966797,144.1806511203835,50000.0,Linux-6.6.113+-x86_64-with-glibc2.35,CPython 3.12.12,2026-04-22T13:50:33.174321Z,"['experiment.name=rl_p2_hidden_vel_tr_seed42', 'agent=td3_transformer', 'env=hopper_hidden_vel', 'seed=42', 'total_steps=50000', 'eval_interval=10000', 'eval_episodes=5']",/kaggle/working/SAiDL_Assignment/rl/src/train.py,rl/src/train.py,src/train.py,https://x-access-token:@github.com/Krish-Sachdev-7/SAiDL-Summer-Assignment2026.git,e63c6b8ced3b9ac1175309d213794914bbe57a70,krishsachdev246@gmail.com,/kaggle/working/SAiDL_Assignment/rl,e2eb4981f50b,/usr/bin/python3,2.0,4.0,Tesla P100-PCIE-16GB,1.0,8656922775552,7354301624320,33662472192,"[{'name': 'Tesla P100-PCIE-16GB', 'memoryTotal': '17179869184', 'cudaCores': 3584, 'architecture': 'Pascal', 'uuid': 'GPU-f7afd0ca-6094-30db-dce4-fb9e02e52524'}]",13.0,5tt3vnh559m5rqpn0hdraekhakzw2p3q,
gayoye1k,rl_p2_noise01_mlp_seed42,finished,2026-04-22T14:00:44Z,,https://wandb.ai/krishsachdev246-bits-pilani/saidl-rl/runs/gayoye1k,,201.0,4.0,1776866646.6403513,{'runtime': 201},-77.14628601074219,42.516639709472656,44.148887634277344,233.45739947339297,50000.0,Linux-6.6.113+-x86_64-with-glibc2.35,CPython 3.12.12,2026-04-22T14:00:43.550116Z,"['experiment.name=rl_p2_noise01_mlp_seed42', 'agent=td3_mlp', 'env=hopper_noisy', 'env.noise_sigma=0.1', 'seed=42', 'total_steps=50000', 'eval_interval=10000', 'eval_episodes=5']",/kaggle/working/SAiDL_Assignment/rl/src/train.py,rl/src/train.py,src/train.py,https://x-access-token:@github.com/Krish-Sachdev-7/SAiDL-Summer-Assignment2026.git,e63c6b8ced3b9ac1175309d213794914bbe57a70,krishsachdev246@gmail.com,/kaggle/working/SAiDL_Assignment/rl,e2eb4981f50b,/usr/bin/python3,2.0,4.0,Tesla P100-PCIE-16GB,1.0,8656922775552,7354301648896,33662472192,"[{'name': 'Tesla P100-PCIE-16GB', 'memoryTotal': '17179869184', 'cudaCores': 3584, 'architecture': 'Pascal', 'uuid': 'GPU-f7afd0ca-6094-30db-dce4-fb9e02e52524'}]",13.0,g2su6e9lxjmp2hmss4yf7nse3kargo5v,
n8i3937p,rl_p2_noise01_tr_seed42,finished,2026-04-22T14:04:12Z,,https://wandb.ai/krishsachdev246-bits-pilani/saidl-rl/runs/n8i3937p,,615.0,4.0,1776867268.4687655,{'runtime': 615},-68.99246215820312,83.64757537841797,85.24705505371094,160.095509967638,50000.0,Linux-6.6.113+-x86_64-with-glibc2.35,CPython 3.12.12,2026-04-22T14:04:11.897732Z,"['experiment.name=rl_p2_noise01_tr_seed42', 'agent=td3_transformer', 'env=hopper_noisy', 'env.noise_sigma=0.1', 'seed=42', 'total_steps=50000', 'eval_interval=10000', 'eval_episodes=5']",/kaggle/working/SAiDL_Assignment/rl/src/train.py,rl/src/train.py,src/train.py,https://x-access-token:@github.com/Krish-Sachdev-7/SAiDL-Summer-Assignment2026.git,e63c6b8ced3b9ac1175309d213794914bbe57a70,krishsachdev246@gmail.com,/kaggle/working/SAiDL_Assignment/rl,e2eb4981f50b,/usr/bin/python3,2.0,4.0,Tesla P100-PCIE-16GB,1.0,8656922775552,7354301665280,33662472192,"[{'name': 'Tesla P100-PCIE-16GB', 'memoryTotal': '17179869184', 'cudaCores': 3584, 'architecture': 'Pascal', 'uuid': 'GPU-f7afd0ca-6094-30db-dce4-fb9e02e52524'}]",13.0,wlcsceo2ulx5qlw0vrirg08dhpr6xdyk,
rar3a5wx,rl_p2_noise03_mlp_seed42,finished,2026-04-22T14:14:34Z,,https://wandb.ai/krishsachdev246-bits-pilani/saidl-rl/runs/rar3a5wx,,207.0,4.0,1776867482.1706543,{'runtime': 207},-63.0456657409668,92.66458892822266,91.92874145507812,179.8487813797805,50000.0,Linux-6.6.113+-x86_64-with-glibc2.35,CPython 3.12.12,2026-04-22T14:14:34.071373Z,"['experiment.name=rl_p2_noise03_mlp_seed42', 'agent=td3_mlp', 'env=hopper_noisy', 'env.noise_sigma=0.3', 'seed=42', 'total_steps=50000', 'eval_interval=10000', 'eval_episodes=5']",/kaggle/working/SAiDL_Assignment/rl/src/train.py,rl/src/train.py,src/train.py,https://x-access-token:@github.com/Krish-Sachdev-7/SAiDL-Summer-Assignment2026.git,e63c6b8ced3b9ac1175309d213794914bbe57a70,krishsachdev246@gmail.com,/kaggle/working/SAiDL_Assignment/rl,e2eb4981f50b,/usr/bin/python3,2.0,4.0,Tesla P100-PCIE-16GB,1.0,8656922775552,7354301677568,33662472192,"[{'name': 'Tesla P100-PCIE-16GB', 'memoryTotal': '17179869184', 'cudaCores': 3584, 'architecture': 'Pascal', 'uuid': 'GPU-f7afd0ca-6094-30db-dce4-fb9e02e52524'}]",13.0,5uha8x9os4mm7h1jy8rccsmevc1qnpzi,
rfpsz7dw,rl_p2_noise03_tr_seed42,finished,2026-04-22T14:18:11Z,,https://wandb.ai/krishsachdev246-bits-pilani/saidl-rl/runs/rfpsz7dw,,612.0,4.0,1776868105.0783842,{'runtime': 612},-62.54875183105469,32.25544738769531,32.429744720458984,136.75046034644504,50000.0,Linux-6.6.113+-x86_64-with-glibc2.35,CPython 3.12.12,2026-04-22T14:18:10.668764Z,"['experiment.name=rl_p2_noise03_tr_seed42', 'agent=td3_transformer', 'env=hopper_noisy', 'env.noise_sigma=0.3', 'seed=42', 'total_steps=50000', 'eval_interval=10000', 'eval_episodes=5']",/kaggle/working/SAiDL_Assignment/rl/src/train.py,rl/src/train.py,src/train.py,https://x-access-token:@github.com/Krish-Sachdev-7/SAiDL-Summer-Assignment2026.git,e63c6b8ced3b9ac1175309d213794914bbe57a70,krishsachdev246@gmail.com,/kaggle/working/SAiDL_Assignment/rl,e2eb4981f50b,/usr/bin/python3,2.0,4.0,Tesla P100-PCIE-16GB,1.0,8656922775552,7354301693952,33662472192,"[{'name': 'Tesla P100-PCIE-16GB', 'memoryTotal': '17179869184', 'cudaCores': 3584, 'architecture': 'Pascal', 'uuid': 'GPU-f7afd0ca-6094-30db-dce4-fb9e02e52524'}]",13.0,9bk5tp2cacu7fpgpnd2nwauxamiacphm,
c2ie2znq,rl_p2_delay10_mlp_seed42,finished,2026-04-22T14:28:37Z,,https://wandb.ai/krishsachdev246-bits-pilani/saidl-rl/runs/c2ie2znq,,204.0,4.0,1776868323.639806,{'runtime': 204},-115.13109588623048,82.10487365722656,89.82546997070312,268.0135019949664,50000.0,Linux-6.6.113+-x86_64-with-glibc2.35,CPython 3.12.12,2026-04-22T14:28:36.286611Z,"['experiment.name=rl_p2_delay10_mlp_seed42', 'agent=td3_mlp', 'env=hopper_delayed', 'env.delay_k=10', 'seed=42', 'total_steps=50000', 'eval_interval=10000', 'eval_episodes=5']",/kaggle/working/SAiDL_Assignment/rl/src/train.py,rl/src/train.py,src/train.py,https://x-access-token:@github.com/Krish-Sachdev-7/SAiDL-Summer-Assignment2026.git,e63c6b8ced3b9ac1175309d213794914bbe57a70,krishsachdev246@gmail.com,/kaggle/working/SAiDL_Assignment/rl,e2eb4981f50b,/usr/bin/python3,2.0,4.0,Tesla P100-PCIE-16GB,1.0,8656922775552,7354301710336,33662472192,"[{'name': 'Tesla P100-PCIE-16GB', 'memoryTotal': '17179869184', 'cudaCores': 3584, 'architecture': 'Pascal', 'uuid': 'GPU-f7afd0ca-6094-30db-dce4-fb9e02e52524'}]",13.0,lf31wphibt7r2h19oognt9e69u9nrkcq,
2bi1uj75,rl_p2_delay10_tr_seed42,finished,2026-04-22T14:32:24Z,,https://wandb.ai/krishsachdev246-bits-pilani/saidl-rl/runs/2bi1uj75,,610.0,4.0,1776868968.7750084,{'runtime': 610},-95.7189483642578,53.35237121582031,59.17250442504883,176.36236730176455,50000.0,Linux-6.6.113+-x86_64-with-glibc2.35,CPython 3.12.12,2026-04-22T14:32:17.324952Z,"['experiment.name=rl_p2_delay10_tr_seed42', 'agent=td3_transformer', 'env=hopper_delayed', 'env.delay_k=10', 'seed=42', 'total_steps=50000', 'eval_interval=10000', 'eval_episodes=5']",/kaggle/working/SAiDL_Assignment/rl/src/train.py,rl/src/train.py,src/train.py,https://x-access-token:@github.com/Krish-Sachdev-7/SAiDL-Summer-Assignment2026.git,e63c6b8ced3b9ac1175309d213794914bbe57a70,krishsachdev246@gmail.com,/kaggle/working/SAiDL_Assignment/rl,e2eb4981f50b,/usr/bin/python3,2.0,4.0,Tesla P100-PCIE-16GB,1.0,8656922775552,7354301726720,33662472192,"[{'name': 'Tesla P100-PCIE-16GB', 'memoryTotal': '17179869184', 'cudaCores': 3584, 'architecture': 'Pascal', 'uuid': 'GPU-f7afd0ca-6094-30db-dce4-fb9e02e52524'}]",13.0,0bjm3cf5cv8o21wtvpfc81i217hurt4b,
ebsd85i0,rl_p2_delay30_mlp_seed42,crashed,2026-04-22T14:43:24Z,,https://wandb.ai/krishsachdev246-bits-pilani/saidl-rl/runs/ebsd85i0,,126.267046412,3.0,1776869131.526384,{'runtime': 126},-56.71881866455078,19.01526260375977,18.93299865722656,112.15904283288648,40000.0,Linux-6.6.113+-x86_64-with-glibc2.35,CPython 3.12.12,2026-04-22T14:43:23.811184Z,"['experiment.name=rl_p2_delay30_mlp_seed42', 'agent=td3_mlp', 'env=hopper_delayed', 'env.delay_k=30', 'seed=42', 'total_steps=50000', 'eval_interval=10000', 'eval_episodes=5']",/kaggle/working/SAiDL_Assignment/rl/src/train.py,rl/src/train.py,src/train.py,https://x-access-token:@github.com/Krish-Sachdev-7/SAiDL-Summer-Assignment2026.git,e63c6b8ced3b9ac1175309d213794914bbe57a70,krishsachdev246@gmail.com,/kaggle/working/SAiDL_Assignment/rl,e2eb4981f50b,/usr/bin/python3,2.0,4.0,Tesla P100-PCIE-16GB,1.0,8656922775552,7354301743104,33662472192,"[{'name': 'Tesla P100-PCIE-16GB', 'memoryTotal': '17179869184', 'cudaCores': 3584, 'architecture': 'Pascal', 'uuid': 'GPU-f7afd0ca-6094-30db-dce4-fb9e02e52524'}]",13.0,cuvxq54g157x49w1gintgvl25w8m62ii,
yreu27b3,rl_p1_mlp_seed42,finished,2026-04-23T11:13:41Z,,https://wandb.ai/krishsachdev246-bits-pilani/saidl-rl/runs/yreu27b3,,41.0,2.0,1776942863.7987273,{'runtime': 41},-19.404035568237305,3.84442400932312,3.783200263977051,171.87156241812735,30000.0,Linux-6.6.113+-x86_64-with-glibc2.35,CPython 3.12.12,2026-04-23T11:13:41.322870Z,"['experiment.name=rl_p1_mlp_seed42', 'agent=td3_mlp', 'env=hopper_full', 'seed=42', 'total_steps=30000', 'eval_interval=10000', 'eval_episodes=3']",/kaggle/working/SAiDL_Assignment/rl/src/train.py,rl/src/train.py,src/train.py,https://x-access-token:@github.com/Krish-Sachdev-7/SAiDL-Summer-Assignment2026.git,e63c6b8ced3b9ac1175309d213794914bbe57a70,krishsachdev246@gmail.com,/kaggle/working/SAiDL_Assignment/rl,ea70b4f74d61,/usr/bin/python3,2.0,4.0,Tesla P100-PCIE-16GB,1.0,8656922775552,7354347704320,33662472192,"[{'name': 'Tesla P100-PCIE-16GB', 'memoryTotal': '17179869184', 'cudaCores': 3584, 'architecture': 'Pascal', 'uuid': 'GPU-d3bcea19-cb61-6605-4f3b-a26799e165e2'}]",13.0,7n51idio0rgv4hm6tpityd9lwi452atu,
p2ullvoy,rl_p1_mlp_seed43,crashed,2026-04-23T11:14:28Z,,https://wandb.ai/krishsachdev246-bits-pilani/saidl-rl/runs/p2ullvoy,,,,,,,,,,,Linux-6.6.113+-x86_64-with-glibc2.35,CPython 3.12.12,2026-04-23T11:14:28.333775Z,"['experiment.name=rl_p1_mlp_seed43', 'agent=td3_mlp', 'env=hopper_full', 'seed=43', 'total_steps=30000', 'eval_interval=10000', 'eval_episodes=3']",/kaggle/working/SAiDL_Assignment/rl/src/train.py,rl/src/train.py,src/train.py,https://x-access-token:@github.com/Krish-Sachdev-7/SAiDL-Summer-Assignment2026.git,e63c6b8ced3b9ac1175309d213794914bbe57a70,krishsachdev246@gmail.com,/kaggle/working/SAiDL_Assignment/rl,ea70b4f74d61,/usr/bin/python3,2.0,4.0,Tesla P100-PCIE-16GB,1.0,8656922775552,7354347724800,33662472192,"[{'name': 'Tesla P100-PCIE-16GB', 'memoryTotal': '17179869184', 'cudaCores': 3584, 'architecture': 'Pascal', 'uuid': 'GPU-d3bcea19-cb61-6605-4f3b-a26799e165e2'}]",13.0,93b4n914c1z6p9k5l7wza6qoj0x452wz,
i9cgwfmq,rl_p1_mlp_seed42,finished,2026-04-23T14:58:27Z,,https://wandb.ai/krishsachdev246-bits-pilani/saidl-rl/runs/i9cgwfmq,,6311.0,99.0,1776962619.66331,{'runtime': 6311},-264.1236572265625,347.1070251464844,344.4677734375,3498.5118608169737,1000000.0,Linux-6.6.113+-x86_64-with-glibc2.35,CPython 3.12.12,2026-04-23T14:58:26.726708Z,"['experiment.name=rl_p1_mlp_seed42', 'agent=td3_mlp', 'env=hopper_full', 'seed=42', 'total_steps=1000000', 'eval_interval=10000', 'eval_episodes=10']",/kaggle/working/SAiDL_Assignment/rl/src/train.py,rl/src/train.py,src/train.py,https://x-access-token:@github.com/Krish-Sachdev-7/SAiDL-Summer-Assignment2026.git,5c97f28002b87ca8059975e1df765e2be02bc691,krishsachdev246@gmail.com,/kaggle/working/SAiDL_Assignment/rl,2e35be65103d,/usr/bin/python3,2.0,4.0,Tesla P100-PCIE-16GB,1.0,8656922775552,7354337558528,33662472192,"[{'name': 'Tesla P100-PCIE-16GB', 'memoryTotal': '17179869184', 'cudaCores': 3584, 'architecture': 'Pascal', 'uuid': 'GPU-46b823f0-83eb-22f9-9219-4e57d2f0b98d'}]",13.0,l5igfj3nbvl9cmv4cleaxj0nqjklr5ns,
61ie333i,rl_p1_mlp_seed43,finished,2026-04-23T16:43:45Z,,https://wandb.ai/krishsachdev246-bits-pilani/saidl-rl/runs/61ie333i,,6252.0,99.0,1776968878.246418,{'runtime': 6252},-265.01025390625,6.365211486816406,7.389599323272705,3003.080134146767,1000000.0,Linux-6.6.113+-x86_64-with-glibc2.35,CPython 3.12.12,2026-04-23T16:43:45.156128Z,"['experiment.name=rl_p1_mlp_seed43', 'agent=td3_mlp', 'env=hopper_full', 'seed=43', 'total_steps=1000000', 'eval_interval=10000', 'eval_episodes=10']",/kaggle/working/SAiDL_Assignment/rl/src/train.py,rl/src/train.py,src/train.py,https://x-access-token:@github.com/Krish-Sachdev-7/SAiDL-Summer-Assignment2026.git,5c97f28002b87ca8059975e1df765e2be02bc691,krishsachdev246@gmail.com,/kaggle/working/SAiDL_Assignment/rl,2e35be65103d,/usr/bin/python3,2.0,4.0,Tesla P100-PCIE-16GB,1.0,8656922775552,7354337624064,33662472192,"[{'name': 'Tesla P100-PCIE-16GB', 'memoryTotal': '17179869184', 'cudaCores': 3584, 'architecture': 'Pascal', 'uuid': 'GPU-46b823f0-83eb-22f9-9219-4e57d2f0b98d'}]",13.0,9rr6yylza3hxd74ipxrmcb2ipwfqjfit,
0lfx80yy,rl_p1_mlp_seed44,finished,2026-04-23T18:28:04Z,,https://wandb.ai/krishsachdev246-bits-pilani/saidl-rl/runs/0lfx80yy,,6364.0,99.0,1776975249.839468,{'runtime': 6364},-290.4842529296875,2.7553820610046387,3.15539026260376,3482.113895258244,1000000.0,Linux-6.6.113+-x86_64-with-glibc2.35,CPython 3.12.12,2026-04-23T18:28:03.490283Z,"['experiment.name=rl_p1_mlp_seed44', 'agent=td3_mlp', 'env=hopper_full', 'seed=44', 'total_steps=1000000', 'eval_interval=10000', 'eval_episodes=10']",/kaggle/working/SAiDL_Assignment/rl/src/train.py,rl/src/train.py,src/train.py,https://x-access-token:@github.com/Krish-Sachdev-7/SAiDL-Summer-Assignment2026.git,5c97f28002b87ca8059975e1df765e2be02bc691,krishsachdev246@gmail.com,/kaggle/working/SAiDL_Assignment/rl,2e35be65103d,/usr/bin/python3,2.0,4.0,Tesla P100-PCIE-16GB,1.0,8656922775552,7354337689600,33662472192,"[{'name': 'Tesla P100-PCIE-16GB', 'memoryTotal': '17179869184', 'cudaCores': 3584, 'architecture': 'Pascal', 'uuid': 'GPU-46b823f0-83eb-22f9-9219-4e57d2f0b98d'}]",13.0,cyvf7qpet0u9316564y77x52b6wms224,
97mob94m,rl_p1_tr_L4_seed42,crashed,2026-04-23T20:14:15Z,,https://wandb.ai/krishsachdev246-bits-pilani/saidl-rl/runs/97mob94m,,10949.654637279,66.0,1776986205.9377,{'runtime': 10949},-229.21934509277344,317.5955810546875,325.86041259765625,1115.1105902029944,670000.0,Linux-6.6.113+-x86_64-with-glibc2.35,CPython 3.12.12,2026-04-23T20:14:15.200436Z,"['experiment.name=rl_p1_tr_L4_seed42', 'agent=td3_transformer', 'env=hopper_full', 'seed=42', 'agent.actor.context_length=4', 'total_steps=1000000', 'eval_interval=10000', 'eval_episodes=10']",/kaggle/working/SAiDL_Assignment/rl/src/train.py,rl/src/train.py,src/train.py,https://x-access-token:@github.com/Krish-Sachdev-7/SAiDL-Summer-Assignment2026.git,5c97f28002b87ca8059975e1df765e2be02bc691,krishsachdev246@gmail.com,/kaggle/working/SAiDL_Assignment/rl,2e35be65103d,/usr/bin/python3,2.0,4.0,Tesla P100-PCIE-16GB,1.0,8656922775552,7354337755136,33662472192,"[{'name': 'Tesla P100-PCIE-16GB', 'memoryTotal': '17179869184', 'cudaCores': 3584, 'architecture': 'Pascal', 'uuid': 'GPU-46b823f0-83eb-22f9-9219-4e57d2f0b98d'}]",13.0,qymdj7ycmcfrhihh5cpd20tugkphzydi,
orduqlzt,rl_p1_mlp_seed42,finished,2026-05-23T09:21:36Z,,https://wandb.ai/krishsachdev246-bits-pilani/saidl-rl/runs/orduqlzt,final,6545.0,99.0,1779534640.7321236,{'runtime': 6545},-267.57373046875,3.599903345108032,2.9041478633880615,1364.187159304288,1000000.0,Linux-6.6.122+-x86_64-with-glibc2.35,CPython 3.12.12,2026-05-23T09:21:35.562331Z,"['experiment.name=rl_p1_mlp_seed42', 'agent=td3_mlp', 'env=hopper_full', 'seed=42', 'total_steps=1000000', 'eval_interval=10000', 'eval_episodes=10', 'logging.wandb.tags=[final]', 'checkpoint_interval=10000']",/kaggle/working/SAiDL_Assignment/rl/src/train.py,rl/src/train.py,src/train.py,https://x-access-token:@github.com/Krish-Sachdev-7/SAiDL-Summer-Assignment2026.git,ff6ffa52d7fcc12f9cac2ec7cd9fd88214aabba6,krishsachdev246@gmail.com,/kaggle/working/SAiDL_Assignment/rl,88b06f07ace7,/usr/bin/python3,2.0,4.0,Tesla P100-PCIE-16GB,1.0,8656922775552,7354335027200,33662468096,"[{'name': 'Tesla P100-PCIE-16GB', 'memoryTotal': '17179869184', 'cudaCores': 3584, 'architecture': 'Pascal', 'uuid': 'GPU-946c9aae-45ec-77be-7dbd-42a830fe73ee'}]",13.0,elnan5lcgay89xtw586rnzm7xhhocz97,
12tb4cex,rl_p1_mlp_seed43,finished,2026-05-23T11:10:50Z,,https://wandb.ai/krishsachdev246-bits-pilani/saidl-rl/runs/12tb4cex,final,6636.0,99.0,1779541285.5603523,{'runtime': 6636},-251.4056854248047,13.094696044921877,9.426986694335938,1004.2952373299988,1000000.0,Linux-6.6.122+-x86_64-with-glibc2.35,CPython 3.12.12,2026-05-23T11:10:49.593709Z,"['experiment.name=rl_p1_mlp_seed43', 'agent=td3_mlp', 'env=hopper_full', 'seed=43', 'total_steps=1000000', 'eval_interval=10000', 'eval_episodes=10', 'logging.wandb.tags=[final]', 'checkpoint_interval=10000']",/kaggle/working/SAiDL_Assignment/rl/src/train.py,rl/src/train.py,src/train.py,https://x-access-token:@github.com/Krish-Sachdev-7/SAiDL-Summer-Assignment2026.git,ff6ffa52d7fcc12f9cac2ec7cd9fd88214aabba6,krishsachdev246@gmail.com,/kaggle/working/SAiDL_Assignment/rl,88b06f07ace7,/usr/bin/python3,2.0,4.0,Tesla P100-PCIE-16GB,1.0,8656922775552,7354335092736,33662468096,"[{'name': 'Tesla P100-PCIE-16GB', 'memoryTotal': '17179869184', 'cudaCores': 3584, 'architecture': 'Pascal', 'uuid': 'GPU-946c9aae-45ec-77be-7dbd-42a830fe73ee'}]",13.0,74dy9qo6joi5wi28fopwsvaucpq3hyx2,
xe1bvoqz,rl_p1_mlp_seed44,finished,2026-05-23T13:01:35Z,,https://wandb.ai/krishsachdev246-bits-pilani/saidl-rl/runs/xe1bvoqz,final,6757.0,99.0,1779548051.3898182,{'runtime': 6757},-272.08197021484375,8.303892135620117,7.722906112670898,3540.1568595195276,1000000.0,Linux-6.6.122+-x86_64-with-glibc2.35,CPython 3.12.12,2026-05-23T13:01:34.495390Z,"['experiment.name=rl_p1_mlp_seed44', 'agent=td3_mlp', 'env=hopper_full', 'seed=44', 'total_steps=1000000', 'eval_interval=10000', 'eval_episodes=10', 'logging.wandb.tags=[final]', 'checkpoint_interval=10000']",/kaggle/working/SAiDL_Assignment/rl/src/train.py,rl/src/train.py,src/train.py,https://x-access-token:@github.com/Krish-Sachdev-7/SAiDL-Summer-Assignment2026.git,ff6ffa52d7fcc12f9cac2ec7cd9fd88214aabba6,krishsachdev246@gmail.com,/kaggle/working/SAiDL_Assignment/rl,88b06f07ace7,/usr/bin/python3,2.0,4.0,Tesla P100-PCIE-16GB,1.0,8656922775552,7354335154176,33662468096,"[{'name': 'Tesla P100-PCIE-16GB', 'memoryTotal': '17179869184', 'cudaCores': 3584, 'architecture': 'Pascal', 'uuid': 'GPU-946c9aae-45ec-77be-7dbd-42a830fe73ee'}]",13.0,yepe09xow4wlz11tdowsdufyo7005ao1,
mcms0oxw,rl_p1_tr_L4_seed42,crashed,2026-05-23T14:54:21Z,,https://wandb.ai/krishsachdev246-bits-pilani/saidl-rl/runs/mcms0oxw,final,14051.477708583,76.0,1779562112.8472834,{'runtime': 14051},-247.50408935546875,170.06625366210938,217.2727813720703,2639.408477529377,770000.0,Linux-6.6.122+-x86_64-with-glibc2.35,CPython 3.12.12,2026-05-23T14:54:20.642446Z,"['experiment.name=rl_p1_tr_L4_seed42', 'agent=td3_transformer', 'env=hopper_full', 'seed=42', 'agent.actor.context_length=4', 'total_steps=1000000', 'eval_interval=10000', 'eval_episodes=10', 'logging.wandb.tags=[final]', 'checkpoint_interval=10000']",/kaggle/working/SAiDL_Assignment/rl/src/train.py,rl/src/train.py,src/train.py,https://x-access-token:@github.com/Krish-Sachdev-7/SAiDL-Summer-Assignment2026.git,ff6ffa52d7fcc12f9cac2ec7cd9fd88214aabba6,krishsachdev246@gmail.com,/kaggle/working/SAiDL_Assignment/rl,88b06f07ace7,/usr/bin/python3,2.0,4.0,Tesla P100-PCIE-16GB,1.0,8656922775552,7354335219712,33662468096,"[{'name': 'Tesla P100-PCIE-16GB', 'memoryTotal': '17179869184', 'cudaCores': 3584, 'architecture': 'Pascal', 'uuid': 'GPU-946c9aae-45ec-77be-7dbd-42a830fe73ee'}]",13.0,bk6cipy2oc2k7sc6hw0ytby4om1pe73o,
k4mmxrji,rl_p1_tr_L4_seed42,finished,2026-05-23T20:03:28Z,,https://wandb.ai/krishsachdev246-bits-pilani/saidl-rl/runs/k4mmxrji,final,18138.0,99.0,1779584745.5313644,{'runtime': 18138},-284.6142578125,6.247485637664795,6.067407608032227,3509.886390875466,1000000.0,Linux-6.6.122+-x86_64-with-glibc2.35,CPython 3.12.12,2026-05-23T20:03:26.483824Z,"['experiment.name=rl_p1_tr_L4_seed42', 'agent=td3_transformer', 'env=hopper_full', 'seed=42', 'agent.actor.context_length=4', 'total_steps=1000000', 'eval_interval=10000', 'eval_episodes=10', 'logging.wandb.tags=[final]', 'checkpoint_interval=10000']",/kaggle/working/SAiDL_Assignment/rl/src/train.py,rl/src/train.py,src/train.py,https://x-access-token:@github.com/Krish-Sachdev-7/SAiDL-Summer-Assignment2026.git,4cb94c9d4736b20505f007a62ee195cb9d033387,krishsachdev246@gmail.com,/kaggle/working/SAiDL_Assignment/rl,89e5c9e10881,/usr/bin/python3,2.0,4.0,Tesla P100-PCIE-16GB,1.0,8656922775552,7354297458688,33662468096,"[{'name': 'Tesla P100-PCIE-16GB', 'memoryTotal': '17179869184', 'cudaCores': 3584, 'architecture': 'Pascal', 'uuid': 'GPU-37688a17-2334-9a1e-07af-2bf3d0b999df'}]",13.0,12prrt9fqpr8ancav08p0j2odc36ecth,
jcs1nkci,rl_p1_tr_L8_seed42,finished,2026-05-24T01:05:56Z,,https://wandb.ai/krishsachdev246-bits-pilani/saidl-rl/runs/jcs1nkci,final,20459.0,99.0,1779605214.4025524,{'runtime': 20459},-271.034423828125,3.0128746032714844,13.260913848876951,1778.7899750394238,1000000.0,Linux-6.6.122+-x86_64-with-glibc2.35,CPython 3.12.12,2026-05-24T01:05:55.670141Z,"['experiment.name=rl_p1_tr_L8_seed42', 'agent=td3_transformer', 'env=hopper_full', 'seed=42', 'agent.actor.context_length=8', 'total_steps=1000000', 'eval_interval=10000', 'eval_episodes=10', 'logging.wandb.tags=[final]', 'checkpoint_interval=10000']",/kaggle/working/SAiDL_Assignment/rl/src/train.py,rl/src/train.py,src/train.py,https://x-access-token:@github.com/Krish-Sachdev-7/SAiDL-Summer-Assignment2026.git,4cb94c9d4736b20505f007a62ee195cb9d033387,krishsachdev246@gmail.com,/kaggle/working/SAiDL_Assignment/rl,89e5c9e10881,/usr/bin/python3,2.0,4.0,Tesla P100-PCIE-16GB,1.0,8656922775552,7354297589760,33662468096,"[{'name': 'Tesla P100-PCIE-16GB', 'memoryTotal': '17179869184', 'cudaCores': 3584, 'architecture': 'Pascal', 'uuid': 'GPU-37688a17-2334-9a1e-07af-2bf3d0b999df'}]",13.0,pae76samvayj20sdss0netidrbv9sdzl,
ysqv1kbl,rl_p1_tr_L16_seed42,crashed,2026-05-24T06:47:04Z,,https://wandb.ai/krishsachdev246-bits-pilani/saidl-rl/runs/ysqv1kbl,final,4237.192045794,18.0,1779609462.3293731,{'runtime': 4237},-195.00836181640625,16.45073699951172,13.0491943359375,2252.4892410629705,190000.0,Linux-6.6.122+-x86_64-with-glibc2.35,CPython 3.12.12,2026-05-24T06:47:04.258921Z,"['experiment.name=rl_p1_tr_L16_seed42', 'agent=td3_transformer', 'env=hopper_full', 'seed=42', 'agent.actor.context_length=16', 'total_steps=1000000', 'eval_interval=10000', 'eval_episodes=10', 'logging.wandb.tags=[final]', 'checkpoint_interval=10000']",/kaggle/working/SAiDL_Assignment/rl/src/train.py,rl/src/train.py,src/train.py,https://x-access-token:@github.com/Krish-Sachdev-7/SAiDL-Summer-Assignment2026.git,4cb94c9d4736b20505f007a62ee195cb9d033387,krishsachdev246@gmail.com,/kaggle/working/SAiDL_Assignment/rl,89e5c9e10881,/usr/bin/python3,2.0,4.0,Tesla P100-PCIE-16GB,1.0,8656922775552,7354297655296,33662468096,"[{'name': 'Tesla P100-PCIE-16GB', 'memoryTotal': '17179869184', 'cudaCores': 3584, 'architecture': 'Pascal', 'uuid': 'GPU-37688a17-2334-9a1e-07af-2bf3d0b999df'}]",13.0,t5f4cuc288q6vodmpinga45yfwt1at9w,
b4q7qqyo,rl_p1_tr_L16_seed42,crashed,2026-05-24T10:16:25Z,,https://wandb.ai/krishsachdev246-bits-pilani/saidl-rl/runs/b4q7qqyo,final,1276.141255739,7.0,1779619062.265819,{'runtime': 1276},-161.7261199951172,35.79042434692383,37.94688415527344,695.9356613177054,80000.0,Linux-6.6.122+-x86_64-with-glibc2.35,CPython 3.12.12,2026-05-24T10:16:24.893284Z,"['experiment.name=rl_p1_tr_L16_seed42', 'agent=td3_transformer', 'env=hopper_full', 'seed=42', 'agent.actor.context_length=16', 'total_steps=1000000', 'eval_interval=10000', 'eval_episodes=10', 'logging.wandb.tags=[final]', 'checkpoint_interval=10000']",/kaggle/working/SAiDL_Assignment/rl/src/train.py,rl/src/train.py,src/train.py,https://x-access-token:@github.com/Krish-Sachdev-7/SAiDL-Summer-Assignment2026.git,4cb94c9d4736b20505f007a62ee195cb9d033387,krishsachdev246@gmail.com,/kaggle/working/SAiDL_Assignment/rl,14368eb39cd3,/usr/bin/python3,2.0,4.0,Tesla P100-PCIE-16GB,1.0,8656922775552,7354297446400,33662468096,"[{'name': 'Tesla P100-PCIE-16GB', 'memoryTotal': '17179869184', 'cudaCores': 3584, 'architecture': 'Pascal', 'uuid': 'GPU-522a44a0-06cf-ca8e-6394-cffe64bb4cc7'}]",13.0,03kxjuu7i7vmkhjak9o3vb3lm6pkara1,
gc0jmuw9,rl_p1_tr_L16_seed42,failed,2026-05-24T10:44:18Z,,https://wandb.ai/krishsachdev246-bits-pilani/saidl-rl/runs/gc0jmuw9,final,2.0,,,{'runtime': 2},,,,,,Linux-6.6.122+-x86_64-with-glibc2.35,CPython 3.12.12,2026-05-24T10:44:17.162815Z,"['experiment.name=rl_p1_tr_L16_seed42', 'agent=td3_transformer', 'env=hopper_full', 'seed=42', 'agent.actor.context_length=16', 'total_steps=1000000', 'eval_interval=10000', 'eval_episodes=10', 'logging.wandb.tags=[final]', 'checkpoint_interval=10000', '+resume=/kaggle/input/datasets/krish247/check-1/SAiDL_Assignment/rl/ckpt_latest_rl.pt']",/kaggle/working/SAiDL_Assignment/rl/src/train.py,rl/src/train.py,src/train.py,https://x-access-token:@github.com/Krish-Sachdev-7/SAiDL-Summer-Assignment2026.git,7c662e7441efbb5135a92c9bd2edba4de6d37baf,krishsachdev246@gmail.com,/kaggle/working/SAiDL_Assignment/rl,c57ce4ad5d2d,/usr/bin/python3,2.0,4.0,Tesla P100-PCIE-16GB,1.0,8656922775552,7354297454592,33662468096,"[{'name': 'Tesla P100-PCIE-16GB', 'memoryTotal': '17179869184', 'cudaCores': 3584, 'architecture': 'Pascal', 'uuid': 'GPU-b5419d8e-dc88-d34d-81f4-a6cd611f6b6e'}]",13.0,ua4lug3pg13je7j1hdbcxb2c08i4x595,
d6s0vtx6,rl_p1_tr_L16_seed42,finished,2026-05-24T10:58:11Z,,https://wandb.ai/krishsachdev246-bits-pilani/saidl-rl/runs/d6s0vtx6,final,21969.0,80.0,1779642258.3706813,{'runtime': 21969},-278.04498291015625,3.697421550750733,3.1122727394104004,3459.601632491626,1000000.0,Linux-6.6.122+-x86_64-with-glibc2.35,CPython 3.12.12,2026-05-24T10:58:10.027861Z,"['experiment.name=rl_p1_tr_L16_seed42', 'agent=td3_transformer', 'env=hopper_full', 'seed=42', 'agent.actor.context_length=16', 'total_steps=1000000', 'eval_interval=10000', 'eval_episodes=10', 'logging.wandb.tags=[final]', 'checkpoint_interval=10000', '+resume=/kaggle/input/datasets/krish247/check-1/SAiDL_Assignment/rl/ckpt_latest_rl.pt']",/kaggle/working/SAiDL_Assignment/rl/src/train.py,rl/src/train.py,src/train.py,https://x-access-token:@github.com/Krish-Sachdev-7/SAiDL-Summer-Assignment2026.git,8599bbcb4ed12e42b5005e1aa84f2bd82d3f82dc,krishsachdev246@gmail.com,/kaggle/working/SAiDL_Assignment/rl,2aa491a8bb59,/usr/bin/python3,2.0,4.0,Tesla P100-PCIE-16GB,1.0,8656922775552,7354297466880,33662468096,"[{'name': 'Tesla P100-PCIE-16GB', 'memoryTotal': '17179869184', 'cudaCores': 3584, 'architecture': 'Pascal', 'uuid': 'GPU-d28fc8f3-4e5d-1649-1b9b-eed902bb7b0e'}]",13.0,bgirjxlytqbfo4h31gso4hz298xx1341,
dzt86slx,rl_p1_tr_L32_seed42,crashed,2026-05-24T17:04:35Z,,https://wandb.ai/krishsachdev246-bits-pilani/saidl-rl/runs/dzt86slx,final,696.986377178,4.0,1779642972.4782867,{'runtime': 696},-102.03135681152344,12.795129776000977,10.976886749267578,356.08622595878694,50000.0,Linux-6.6.122+-x86_64-with-glibc2.35,CPython 3.12.12,2026-05-24T17:04:34.613746Z,"['experiment.name=rl_p1_tr_L32_seed42', 'agent=td3_transformer', 'env=hopper_full', 'seed=42', 'agent.actor.context_length=32', 'total_steps=1000000', 'eval_interval=10000', 'eval_episodes=10', 'logging.wandb.tags=[final]', 'checkpoint_interval=10000']",/kaggle/working/SAiDL_Assignment/rl/src/train.py,rl/src/train.py,src/train.py,https://x-access-token:@github.com/Krish-Sachdev-7/SAiDL-Summer-Assignment2026.git,8599bbcb4ed12e42b5005e1aa84f2bd82d3f82dc,krishsachdev246@gmail.com,/kaggle/working/SAiDL_Assignment/rl,2aa491a8bb59,/usr/bin/python3,2.0,4.0,Tesla P100-PCIE-16GB,1.0,8656922775552,7354297589760,33662468096,"[{'name': 'Tesla P100-PCIE-16GB', 'memoryTotal': '17179869184', 'cudaCores': 3584, 'architecture': 'Pascal', 'uuid': 'GPU-d28fc8f3-4e5d-1649-1b9b-eed902bb7b0e'}]",13.0,52udhzwetxcakdc1epy9ppuz694ewwic,
tc91exur,rl_p1_tr_L32_seed42,finished,2026-05-25T09:27:28Z,,https://wandb.ai/krishsachdev246-bits-pilani/saidl-rl/runs/tc91exur,final,41984.0,94.0,1779743229.8465123,{'runtime': 41984},-270.5689697265625,3.105301856994629,2.7452001571655273,3035.6738048707057,1000000.0,Linux-6.6.122+-x86_64-with-glibc2.35,CPython 3.12.12,2026-05-25T09:27:27.210172Z,"['experiment.name=rl_p1_tr_L32_seed42', 'agent=td3_transformer', 'env=hopper_full', 'seed=42', 'agent.actor.context_length=32', 'total_steps=1000000', 'eval_interval=10000', 'eval_episodes=10', 'logging.wandb.tags=[final]', 'checkpoint_interval=10000', '+resume=/kaggle/input/datasets/krish247/check-1/SAiDL_Assignment/rl/ckpt_latest_rl.pt']",/kaggle/working/SAiDL_Assignment/rl/src/train.py,rl/src/train.py,src/train.py,https://x-access-token:@github.com/Krish-Sachdev-7/SAiDL-Summer-Assignment2026.git,8599bbcb4ed12e42b5005e1aa84f2bd82d3f82dc,krishsachdev246@gmail.com,/kaggle/working/SAiDL_Assignment/rl,1d694acada71,/usr/bin/python3,2.0,4.0,Tesla T4,2.0,8656922775552,7354297450496,33662468096,"[{'name': 'Tesla T4', 'memoryTotal': '16106127360', 'cudaCores': 2560, 'architecture': 'Turing', 'uuid': 'GPU-cc5164b4-6c7b-9988-b7ac-b5f9f968d8ca'}, {'name': 'Tesla T4', 'memoryTotal': '16106127360', 'cudaCores': 2560, 'architecture': 'Turing', 'uuid': 'GPU-f4de3290-e84b-ba81-255f-ef3951a82a51'}]",13.0,382a0e8w6jx8srxyjpbzueimnwtgpi93,
us0fpgmn,rl_p2_hidden_vel_mlp_seed42,crashed,2026-05-25T21:07:26Z,,https://wandb.ai/krishsachdev246-bits-pilani/saidl-rl/runs/us0fpgmn,final,974.379633092,16.0,1779744221.3443882,{'runtime': 974},-69.24491119384766,8.62457275390625,9.257925033569336,210.71029310322973,170000.0,Linux-6.6.122+-x86_64-with-glibc2.35,CPython 3.12.12,2026-05-25T21:07:26.273575Z,"['experiment.name=rl_p2_hidden_vel_mlp_seed42', 'agent=td3_mlp', 'env=hopper_hidden_vel', 'seed=42', 'total_steps=1000000', 'eval_interval=10000', 'eval_episodes=10', 'logging.wandb.tags=[final]', 'checkpoint_interval=10000']",/kaggle/working/SAiDL_Assignment/rl/src/train.py,rl/src/train.py,src/train.py,https://x-access-token:@github.com/Krish-Sachdev-7/SAiDL-Summer-Assignment2026.git,8599bbcb4ed12e42b5005e1aa84f2bd82d3f82dc,krishsachdev246@gmail.com,/kaggle/working/SAiDL_Assignment/rl,1d694acada71,/usr/bin/python3,2.0,4.0,Tesla T4,2.0,8656922775552,7354297577472,33662468096,"[{'name': 'Tesla T4', 'memoryTotal': '16106127360', 'cudaCores': 2560, 'architecture': 'Turing', 'uuid': 'GPU-cc5164b4-6c7b-9988-b7ac-b5f9f968d8ca'}, {'name': 'Tesla T4', 'memoryTotal': '16106127360', 'cudaCores': 2560, 'architecture': 'Turing', 'uuid': 'GPU-f4de3290-e84b-ba81-255f-ef3951a82a51'}]",13.0,dd1dspe4iiye1q1ump0fdmmoe7s6bgd4,
96m7x5eb,rl_p2_hidden_vel_mlp_seed42,finished,2026-05-26T07:57:53Z,,https://wandb.ai/krishsachdev246-bits-pilani/saidl-rl/runs/96m7x5eb,final,6227.0,82.0,1779788498.9728053,{'runtime': 6227},-88.1828384399414,16.220016479492188,18.452735900878903,318.0938958221401,1000000.0,Linux-6.6.122+-x86_64-with-glibc2.35,CPython 3.12.12,2026-05-26T07:57:52.055785Z,"['experiment.name=rl_p2_hidden_vel_mlp_seed42', 'agent=td3_mlp', 'env=hopper_hidden_vel', 'seed=42', 'total_steps=1000000', 'eval_interval=10000', 'eval_episodes=10', 'logging.wandb.tags=[final]', 'checkpoint_interval=10000', '+resume=/kaggle/input/datasets/kkk7777/rl-output/SAiDL_Assignment/rl/ckpt_latest_rl.pt']",/kaggle/working/SAiDL_Assignment/rl/src/train.py,rl/src/train.py,src/train.py,https://x-access-token:@github.com/Krish-Sachdev-7/SAiDL-Summer-Assignment2026.git,8599bbcb4ed12e42b5005e1aa84f2bd82d3f82dc,krishsachdev246@gmail.com,/kaggle/working/SAiDL_Assignment/rl,bc16f15baf32,/usr/bin/python3,2.0,4.0,Tesla T4,2.0,8656922775552,7354297450496,33662468096,"[{'name': 'Tesla T4', 'memoryTotal': '16106127360', 'cudaCores': 2560, 'architecture': 'Turing', 'uuid': 'GPU-76efbff3-d31a-06cc-5a31-0bc971c749ee'}, {'name': 'Tesla T4', 'memoryTotal': '16106127360', 'cudaCores': 2560, 'architecture': 'Turing', 'uuid': 'GPU-b221c002-f1f2-9b1a-d483-25486a2de705'}]",13.0,wyoi7g3yhyge6vc0q6gz6ix65w2po6pz,
4hl8amlc,rl_p2_hidden_vel_tr_seed42,finished,2026-05-26T09:41:52Z,,https://wandb.ai/krishsachdev246-bits-pilani/saidl-rl/runs/4hl8amlc,final,21815.0,99.0,1779810325.7359602,{'runtime': 21815},-90.92637634277344,26.858034133911133,31.165103912353516,253.0360907556773,1000000.0,Linux-6.6.122+-x86_64-with-glibc2.35,CPython 3.12.12,2026-05-26T09:41:51.805734Z,"['experiment.name=rl_p2_hidden_vel_tr_seed42', 'agent=td3_transformer', 'env=hopper_hidden_vel', 'seed=42', 'total_steps=1000000', 'eval_interval=10000', 'eval_episodes=10', 'logging.wandb.tags=[final]', 'checkpoint_interval=10000']",/kaggle/working/SAiDL_Assignment/rl/src/train.py,rl/src/train.py,src/train.py,https://x-access-token:@github.com/Krish-Sachdev-7/SAiDL-Summer-Assignment2026.git,8599bbcb4ed12e42b5005e1aa84f2bd82d3f82dc,krishsachdev246@gmail.com,/kaggle/working/SAiDL_Assignment/rl,bc16f15baf32,/usr/bin/python3,2.0,4.0,Tesla T4,2.0,8656922775552,7354297573376,33662468096,"[{'name': 'Tesla T4', 'memoryTotal': '16106127360', 'cudaCores': 2560, 'architecture': 'Turing', 'uuid': 'GPU-76efbff3-d31a-06cc-5a31-0bc971c749ee'}, {'name': 'Tesla T4', 'memoryTotal': '16106127360', 'cudaCores': 2560, 'architecture': 'Turing', 'uuid': 'GPU-b221c002-f1f2-9b1a-d483-25486a2de705'}]",13.0,x31re2rutdfnm5dyxtvq4vchpqttww24,
lgmxbqai,rl_p2_noise01_mlp_seed42,finished,2026-05-26T15:45:40Z,,https://wandb.ai/krishsachdev246-bits-pilani/saidl-rl/runs/lgmxbqai,final,7191.0,99.0,1779817527.7847428,{'runtime': 7191},-114.50799560546876,15.880515098571776,13.100143432617188,357.6118157803313,1000000.0,Linux-6.6.122+-x86_64-with-glibc2.35,CPython 3.12.12,2026-05-26T15:45:39.551319Z,"['experiment.name=rl_p2_noise01_mlp_seed42', 'agent=td3_mlp', 'env=hopper_noisy', 'env.noise_sigma=0.1', 'seed=42', 'total_steps=1000000', 'eval_interval=10000', 'eval_episodes=10', 'logging.wandb.tags=[final]', 'checkpoint_interval=10000']",/kaggle/working/SAiDL_Assignment/rl/src/train.py,rl/src/train.py,src/train.py,https://x-access-token:@github.com/Krish-Sachdev-7/SAiDL-Summer-Assignment2026.git,8599bbcb4ed12e42b5005e1aa84f2bd82d3f82dc,krishsachdev246@gmail.com,/kaggle/working/SAiDL_Assignment/rl,bc16f15baf32,/usr/bin/python3,2.0,4.0,Tesla T4,2.0,8656922775552,7354297638912,33662468096,"[{'name': 'Tesla T4', 'memoryTotal': '16106127360', 'cudaCores': 2560, 'architecture': 'Turing', 'uuid': 'GPU-76efbff3-d31a-06cc-5a31-0bc971c749ee'}, {'name': 'Tesla T4', 'memoryTotal': '16106127360', 'cudaCores': 2560, 'architecture': 'Turing', 'uuid': 'GPU-b221c002-f1f2-9b1a-d483-25486a2de705'}]",13.0,9bk7sfkzaffl9a9gctf2d8fmucf44l3a,
d9gawt4m,rl_p2_noise01_tr_seed42,crashed,2026-05-26T17:45:46Z,,https://wandb.ai/krishsachdev246-bits-pilani/saidl-rl/runs/d9gawt4m,final,7533.268278681,32.0,1779825080.3184233,{'runtime': 7533},-104.19564819335938,63.94623565673828,66.57009887695312,280.9657097774382,330000.0,Linux-6.6.122+-x86_64-with-glibc2.35,CPython 3.12.12,2026-05-26T17:45:46.372840Z,"['experiment.name=rl_p2_noise01_tr_seed42', 'agent=td3_transformer', 'env=hopper_noisy', 'env.noise_sigma=0.1', 'seed=42', 'total_steps=1000000', 'eval_interval=10000', 'eval_episodes=10', 'logging.wandb.tags=[final]', 'checkpoint_interval=10000']",/kaggle/working/SAiDL_Assignment/rl/src/train.py,rl/src/train.py,src/train.py,https://x-access-token:@github.com/Krish-Sachdev-7/SAiDL-Summer-Assignment2026.git,8599bbcb4ed12e42b5005e1aa84f2bd82d3f82dc,krishsachdev246@gmail.com,/kaggle/working/SAiDL_Assignment/rl,bc16f15baf32,/usr/bin/python3,2.0,4.0,Tesla T4,2.0,8656922775552,7354297700352,33662468096,"[{'name': 'Tesla T4', 'memoryTotal': '16106127360', 'cudaCores': 2560, 'architecture': 'Turing', 'uuid': 'GPU-76efbff3-d31a-06cc-5a31-0bc971c749ee'}, {'name': 'Tesla T4', 'memoryTotal': '16106127360', 'cudaCores': 2560, 'architecture': 'Turing', 'uuid': 'GPU-b221c002-f1f2-9b1a-d483-25486a2de705'}]",13.0,29lozgrbg3tgc3jtcxa8v9gchpctl4i5,
jhdazpst,rl_p2_noise01_tr_seed42,failed,2026-05-27T03:06:23Z,,https://wandb.ai/krishsachdev246-bits-pilani/saidl-rl/runs/jhdazpst,final,2.0,,,{'runtime': 2},,,,,,Linux-6.6.122+-x86_64-with-glibc2.35,CPython 3.12.12,2026-05-27T03:06:22.765732Z,"['experiment.name=rl_p2_noise01_tr_seed42', 'agent=td3_transformer', 'env=hopper_noisy', 'env.noise_sigma=0.1', 'seed=42', 'total_steps=1000000', 'eval_interval=10000', 'eval_episodes=10', 'logging.wandb.tags=[final]', 'checkpoint_interval=10000', '+resume=/kaggle/input/datasets/kkk7777/rl-output/SAiDL_Assignment/rl/ckpt_latest_rl.pt']",/kaggle/working/SAiDL_Assignment/rl/src/train.py,rl/src/train.py,src/train.py,https://x-access-token:@github.com/Krish-Sachdev-7/SAiDL-Summer-Assignment2026.git,8599bbcb4ed12e42b5005e1aa84f2bd82d3f82dc,krishsachdev246@gmail.com,/kaggle/working/SAiDL_Assignment/rl,52edce454930,/usr/bin/python3,2.0,4.0,Tesla P100-PCIE-16GB,1.0,8656922775552,7481375338496,33662468096,"[{'name': 'Tesla P100-PCIE-16GB', 'memoryTotal': '17179869184', 'cudaCores': 3584, 'architecture': 'Pascal', 'uuid': 'GPU-50f1dc1e-49bc-8474-7bfb-08b6c6c6edd6'}]",13.0,lpbca1xvs5e56cb3gj3vhj0p4tni028w,
3lt7il9g,rl_p2_noise01_tr_seed42,finished,2026-05-27T16:57:39Z,,https://wandb.ai/krishsachdev246-bits-pilani/saidl-rl/runs/3lt7il9g,final,16101.0,66.0,1779917157.7615592,{'runtime': 16101},-108.0435562133789,20.658632278442383,29.906253814697266,288.4266890912347,1000000.0,Linux-6.6.122+-x86_64-with-glibc2.35,CPython 3.12.12,2026-05-27T16:57:38.673509Z,"['experiment.name=rl_p2_noise01_tr_seed42', 'agent=td3_transformer', 'env=hopper_noisy', 'env.noise_sigma=0.1', 'seed=42', 'total_steps=1000000', 'eval_interval=10000', 'eval_episodes=10', 'logging.wandb.tags=[final]', 'checkpoint_interval=10000', '+resume=/kaggle/input/datasets/kkk7777/rl-output/SAiDL_Assignment/rl/ckpt_latest_rl.pt']",/kaggle/working/SAiDL_Assignment/rl/src/train.py,rl/src/train.py,src/train.py,https://x-access-token:@github.com/Krish-Sachdev-7/SAiDL-Summer-Assignment2026.git,8599bbcb4ed12e42b5005e1aa84f2bd82d3f82dc,krishsachdev246@gmail.com,/kaggle/working/SAiDL_Assignment/rl,c3e78a210c47,/usr/bin/python3,2.0,4.0,Tesla T4,2.0,8656922775552,7481375674368,33662468096,"[{'name': 'Tesla T4', 'memoryTotal': '16106127360', 'cudaCores': 2560, 'architecture': 'Turing', 'uuid': 'GPU-023c0ce6-6715-1147-6cb8-72f4730af479'}, {'name': 'Tesla T4', 'memoryTotal': '16106127360', 'cudaCores': 2560, 'architecture': 'Turing', 'uuid': 'GPU-de0db200-1ebb-5f3c-c283-f246530a24cb'}]",13.0,3on4ajqlmnomis68j6e73nokip13bbe0,
anlzqstp,rl_p2_noise03_mlp_seed42,finished,2026-05-27T21:26:17Z,,https://wandb.ai/krishsachdev246-bits-pilani/saidl-rl/runs/anlzqstp,final,7167.0,99.0,1779924341.1410108,{'runtime': 7167},-95.68695068359376,44.062530517578125,64.12492370605469,234.2577590884355,1000000.0,Linux-6.6.122+-x86_64-with-glibc2.35,CPython 3.12.12,2026-05-27T21:26:16.621646Z,"['experiment.name=rl_p2_noise03_mlp_seed42', 'agent=td3_mlp', 'env=hopper_noisy', 'env.noise_sigma=0.3', 'seed=42', 'total_steps=1000000', 'eval_interval=10000', 'eval_episodes=10', 'logging.wandb.tags=[final]', 'checkpoint_interval=10000']",/kaggle/working/SAiDL_Assignment/rl/src/train.py,rl/src/train.py,src/train.py,https://x-access-token:@github.com/Krish-Sachdev-7/SAiDL-Summer-Assignment2026.git,8599bbcb4ed12e42b5005e1aa84f2bd82d3f82dc,krishsachdev246@gmail.com,/kaggle/working/SAiDL_Assignment/rl,c3e78a210c47,/usr/bin/python3,2.0,4.0,Tesla T4,2.0,8656922775552,7481375789056,33662468096,"[{'name': 'Tesla T4', 'memoryTotal': '16106127360', 'cudaCores': 2560, 'architecture': 'Turing', 'uuid': 'GPU-023c0ce6-6715-1147-6cb8-72f4730af479'}, {'name': 'Tesla T4', 'memoryTotal': '16106127360', 'cudaCores': 2560, 'architecture': 'Turing', 'uuid': 'GPU-de0db200-1ebb-5f3c-c283-f246530a24cb'}]",13.0,cj8oocxtvleq6jbl06qo4qoduaynyg3b,
y8d6bwvm,rl_p2_noise03_tr_seed42,crashed,2026-05-27T23:26:00Z,,https://wandb.ai/krishsachdev246-bits-pilani/saidl-rl/runs/y8d6bwvm,final,19578.333613815,93.0,1779943939.4675372,{'runtime': 19578},-125.5487823486328,60.84783935546875,65.34992218017578,471.9208185229468,940000.0,Linux-6.6.122+-x86_64-with-glibc2.35,CPython 3.12.12,2026-05-27T23:26:00.383624Z,"['experiment.name=rl_p2_noise03_tr_seed42', 'agent=td3_transformer', 'env=hopper_noisy', 'env.noise_sigma=0.3', 'seed=42', 'total_steps=1000000', 'eval_interval=10000', 'eval_episodes=10', 'logging.wandb.tags=[final]', 'checkpoint_interval=10000']",/kaggle/working/SAiDL_Assignment/rl/src/train.py,rl/src/train.py,src/train.py,https://x-access-token:@github.com/Krish-Sachdev-7/SAiDL-Summer-Assignment2026.git,8599bbcb4ed12e42b5005e1aa84f2bd82d3f82dc,krishsachdev246@gmail.com,/kaggle/working/SAiDL_Assignment/rl,c3e78a210c47,/usr/bin/python3,2.0,4.0,Tesla T4,2.0,8656922775552,7481375854592,33662468096,"[{'name': 'Tesla T4', 'memoryTotal': '16106127360', 'cudaCores': 2560, 'architecture': 'Turing', 'uuid': 'GPU-023c0ce6-6715-1147-6cb8-72f4730af479'}, {'name': 'Tesla T4', 'memoryTotal': '16106127360', 'cudaCores': 2560, 'architecture': 'Turing', 'uuid': 'GPU-de0db200-1ebb-5f3c-c283-f246530a24cb'}]",13.0,a967nnois9k93bzda4uc1ra4a7h3jlme,
f4lc5xjg,rl_p2_noise03_tr_seed42,finished,2026-05-28T05:24:55Z,,https://wandb.ai/krishsachdev246-bits-pilani/saidl-rl/runs/f4lc5xjg,final,1291.0,5.0,1779947184.1247475,{'runtime': 1291},-122.67323303222656,77.75666046142578,81.39424133300781,324.97733271556774,1000000.0,Linux-6.6.122+-x86_64-with-glibc2.35,CPython 3.12.12,2026-05-28T05:24:54.334784Z,"['experiment.name=rl_p2_noise03_tr_seed42', 'agent=td3_transformer', 'env=hopper_noisy', 'env.noise_sigma=0.3', 'seed=42', 'total_steps=1000000', 'eval_interval=10000', 'eval_episodes=10', 'logging.wandb.tags=[final]', 'checkpoint_interval=10000', '+resume=/kaggle/input/datasets/kkk7777/rl-output/SAiDL_Assignment/rl/ckpt_latest_rl.pt']",/kaggle/working/SAiDL_Assignment/rl/src/train.py,rl/src/train.py,src/train.py,https://x-access-token:@github.com/Krish-Sachdev-7/SAiDL-Summer-Assignment2026.git,8599bbcb4ed12e42b5005e1aa84f2bd82d3f82dc,krishsachdev246@gmail.com,/kaggle/working/SAiDL_Assignment/rl,7ada0c98b7df,/usr/bin/python3,2.0,4.0,Tesla T4,2.0,8656922775552,7481375674368,33662468096,"[{'name': 'Tesla T4', 'memoryTotal': '16106127360', 'cudaCores': 2560, 'architecture': 'Turing', 'uuid': 'GPU-5b724d45-2e43-8dd1-a652-d856610e779c'}, {'name': 'Tesla T4', 'memoryTotal': '16106127360', 'cudaCores': 2560, 'architecture': 'Turing', 'uuid': 'GPU-8580aa64-dd1c-788c-d05e-d74f161ea89b'}]",13.0,jbeysbu6zwbfudlwy158mak2qzguja43,
523e0uha,rl_p2_delay10_mlp_seed42,finished,2026-05-28T05:46:42Z,,https://wandb.ai/krishsachdev246-bits-pilani/saidl-rl/runs/523e0uha,final,6939.0,99.0,1779954139.9919505,{'runtime': 6939},-260.12957763671875,321.036376953125,315.9556884765625,3007.4716516753583,1000000.0,Linux-6.6.122+-x86_64-with-glibc2.35,CPython 3.12.12,2026-05-28T05:46:42.290775Z,"['experiment.name=rl_p2_delay10_mlp_seed42', 'agent=td3_mlp', 'env=hopper_delayed', 'env.delay_k=10', 'seed=42', 'total_steps=1000000', 'eval_interval=10000', 'eval_episodes=10', 'logging.wandb.tags=[final]', 'checkpoint_interval=10000']",/kaggle/working/SAiDL_Assignment/rl/src/train.py,rl/src/train.py,src/train.py,https://x-access-token:@github.com/Krish-Sachdev-7/SAiDL-Summer-Assignment2026.git,8599bbcb4ed12e42b5005e1aa84f2bd82d3f82dc,krishsachdev246@gmail.com,/kaggle/working/SAiDL_Assignment/rl,7ada0c98b7df,/usr/bin/python3,2.0,4.0,Tesla T4,2.0,8656922775552,7481375756288,33662468096,"[{'name': 'Tesla T4', 'memoryTotal': '16106127360', 'cudaCores': 2560, 'architecture': 'Turing', 'uuid': 'GPU-5b724d45-2e43-8dd1-a652-d856610e779c'}, {'name': 'Tesla T4', 'memoryTotal': '16106127360', 'cudaCores': 2560, 'architecture': 'Turing', 'uuid': 'GPU-8580aa64-dd1c-788c-d05e-d74f161ea89b'}]",13.0,kp3dc25z6uxb5dt32k50uvaldulirt6w,
hfiawzrg,rl_p2_delay10_tr_seed42,finished,2026-05-28T07:42:38Z,,https://wandb.ai/krishsachdev246-bits-pilani/saidl-rl/runs/hfiawzrg,final,20181.0,99.0,1779974336.9739816,{'runtime': 20181},-240.56076049804688,112.91639709472656,106.52189636230467,2954.3618575216615,1000000.0,Linux-6.6.122+-x86_64-with-glibc2.35,CPython 3.12.12,2026-05-28T07:42:37.704595Z,"['experiment.name=rl_p2_delay10_tr_seed42', 'agent=td3_transformer', 'env=hopper_delayed', 'env.delay_k=10', 'seed=42', 'total_steps=1000000', 'eval_interval=10000', 'eval_episodes=10', 'logging.wandb.tags=[final]', 'checkpoint_interval=10000']",/kaggle/working/SAiDL_Assignment/rl/src/train.py,rl/src/train.py,src/train.py,https://x-access-token:@github.com/Krish-Sachdev-7/SAiDL-Summer-Assignment2026.git,8599bbcb4ed12e42b5005e1aa84f2bd82d3f82dc,krishsachdev246@gmail.com,/kaggle/working/SAiDL_Assignment/rl,7ada0c98b7df,/usr/bin/python3,2.0,4.0,Tesla T4,2.0,8656922775552,7481375825920,33662468096,"[{'name': 'Tesla T4', 'memoryTotal': '16106127360', 'cudaCores': 2560, 'architecture': 'Turing', 'uuid': 'GPU-5b724d45-2e43-8dd1-a652-d856610e779c'}, {'name': 'Tesla T4', 'memoryTotal': '16106127360', 'cudaCores': 2560, 'architecture': 'Turing', 'uuid': 'GPU-8580aa64-dd1c-788c-d05e-d74f161ea89b'}]",13.0,rhlbuqlgpm1q2jzectri429okh5gopfc,
15bzu83r,rl_p2_delay30_mlp_seed42,finished,2026-05-28T13:19:16Z,,https://wandb.ai/krishsachdev246-bits-pilani/saidl-rl/runs/15bzu83r,final,6477.0,99.0,1779980830.9387276,{'runtime': 6477},-152.92306518554688,118.63251495361328,119.39488220214844,390.43620793721857,1000000.0,Linux-6.6.122+-x86_64-with-glibc2.35,CPython 3.12.12,2026-05-28T13:19:15.826729Z,"['experiment.name=rl_p2_delay30_mlp_seed42', 'agent=td3_mlp', 'env=hopper_delayed', 'env.delay_k=30', 'seed=42', 'total_steps=1000000', 'eval_interval=10000', 'eval_episodes=10', 'logging.wandb.tags=[final]', 'checkpoint_interval=10000']",/kaggle/working/SAiDL_Assignment/rl/src/train.py,rl/src/train.py,src/train.py,https://x-access-token:@github.com/Krish-Sachdev-7/SAiDL-Summer-Assignment2026.git,8599bbcb4ed12e42b5005e1aa84f2bd82d3f82dc,krishsachdev246@gmail.com,/kaggle/working/SAiDL_Assignment/rl,7ada0c98b7df,/usr/bin/python3,2.0,4.0,Tesla T4,2.0,8656922775552,7481375891456,33662468096,"[{'name': 'Tesla T4', 'memoryTotal': '16106127360', 'cudaCores': 2560, 'architecture': 'Turing', 'uuid': 'GPU-5b724d45-2e43-8dd1-a652-d856610e779c'}, {'name': 'Tesla T4', 'memoryTotal': '16106127360', 'cudaCores': 2560, 'architecture': 'Turing', 'uuid': 'GPU-8580aa64-dd1c-788c-d05e-d74f161ea89b'}]",13.0,7p72c4de5guct2i96bnz6sx8n19rhuyb,
tqll3wm8,rl_p2_delay30_tr_seed42,crashed,2026-05-28T15:07:29Z,,https://wandb.ai/krishsachdev246-bits-pilani/saidl-rl/runs/tqll3wm8,final,7945.483559997,41.0,1779988795.317814,{'runtime': 7945},-159.98922729492188,201.93722534179688,200.01754760742188,493.5205331091373,420000.0,Linux-6.6.122+-x86_64-with-glibc2.35,CPython 3.12.12,2026-05-28T15:07:29.089997Z,"['experiment.name=rl_p2_delay30_tr_seed42', 'agent=td3_transformer', 'env=hopper_delayed', 'env.delay_k=30', 'seed=42', 'total_steps=1000000', 'eval_interval=10000', 'eval_episodes=10', 'logging.wandb.tags=[final]', 'checkpoint_interval=10000']",/kaggle/working/SAiDL_Assignment/rl/src/train.py,rl/src/train.py,src/train.py,https://x-access-token:@github.com/Krish-Sachdev-7/SAiDL-Summer-Assignment2026.git,8599bbcb4ed12e42b5005e1aa84f2bd82d3f82dc,krishsachdev246@gmail.com,/kaggle/working/SAiDL_Assignment/rl,7ada0c98b7df,/usr/bin/python3,2.0,4.0,Tesla T4,2.0,8656922775552,7481375956992,33662468096,"[{'name': 'Tesla T4', 'memoryTotal': '16106127360', 'cudaCores': 2560, 'architecture': 'Turing', 'uuid': 'GPU-5b724d45-2e43-8dd1-a652-d856610e779c'}, {'name': 'Tesla T4', 'memoryTotal': '16106127360', 'cudaCores': 2560, 'architecture': 'Turing', 'uuid': 'GPU-8580aa64-dd1c-788c-d05e-d74f161ea89b'}]",13.0,zpez1ukj1jdx7flxapzbvd8txfy1jemw,
kkdfxotj,rl_p2_delay30_tr_seed42,finished,2026-05-28T17:58:13Z,,https://wandb.ai/krishsachdev246-bits-pilani/saidl-rl/runs/kkdfxotj,final,12414.0,57.0,1780003504.96013,{'runtime': 12414},-180.95159912109375,109.067626953125,115.21330261230467,511.8055028171813,1000000.0,Linux-6.6.122+-x86_64-with-glibc2.35,CPython 3.12.12,2026-05-28T17:58:12.498871Z,"['experiment.name=rl_p2_delay30_tr_seed42', 'agent=td3_transformer', 'env=hopper_delayed', 'env.delay_k=30', 'seed=42', 'total_steps=1000000', 'eval_interval=10000', 'eval_episodes=10', 'logging.wandb.tags=[final]', 'checkpoint_interval=10000', '+resume=/kaggle/input/datasets/kacsav/rl-output/SAiDL_Assignment/rl/ckpt_latest_rl.pt']",/kaggle/working/SAiDL_Assignment/rl/src/train.py,rl/src/train.py,src/train.py,https://x-access-token:@github.com/Krish-Sachdev-7/SAiDL-Summer-Assignment2026.git,8599bbcb4ed12e42b5005e1aa84f2bd82d3f82dc,krishsachdev246@gmail.com,/kaggle/working/SAiDL_Assignment/rl,f58862fc494a,/usr/bin/python3,2.0,4.0,Tesla T4,2.0,8656922775552,7481375694848,33662468096,"[{'name': 'Tesla T4', 'memoryTotal': '16106127360', 'cudaCores': 2560, 'architecture': 'Turing', 'uuid': 'GPU-92359173-9ca9-1584-69e6-87e4d39902ba'}, {'name': 'Tesla T4', 'memoryTotal': '16106127360', 'cudaCores': 2560, 'architecture': 'Turing', 'uuid': 'GPU-cbc1fb48-efd0-5643-ff45-a6ea77ae1f07'}]",13.0,h6odchc6lknjnrlj441gzjotc64x4tts,
rvckskwt,rl_p2_rlhf_tr_seed42,finished,2026-05-28T21:25:25Z,,https://wandb.ai/krishsachdev246-bits-pilani/saidl-rl/runs/rvckskwt,final,22043.0,99.0,1780025566.109111,{'runtime': 22043},-5.249483108520508,0.1127234548330307,0.12061645835638046,155.56336407055952,1000000.0,,,,,,,,,,,,,,,,,,,,,,,,0.18397985224663432
p4um5pav,rl_p3_attn_support_full_seed42,crashed,2026-05-29T03:33:08Z,,https://wandb.ai/krishsachdev246-bits-pilani/saidl-rl/runs/p4um5pav,final,8338.179780816,42.0,1780033926.7558885,{'runtime': 8338},-229.3297119140625,10.157432556152344,9.591795921325684,3343.8824655864564,430000.0,Linux-6.6.122+-x86_64-with-glibc2.35,CPython 3.12.12,2026-05-29T03:33:07.865515Z,"['experiment.name=rl_p3_attn_support_full_seed42', 'agent=td3_transformer', 'env=hopper_full', 'seed=42', 'total_steps=1000000', 'eval_interval=10000', 'eval_episodes=10', 'logging.wandb.tags=[final]', 'checkpoint_interval=10000']",/kaggle/working/SAiDL_Assignment/rl/src/train.py,rl/src/train.py,src/train.py,https://x-access-token:@github.com/Krish-Sachdev-7/SAiDL-Summer-Assignment2026.git,8599bbcb4ed12e42b5005e1aa84f2bd82d3f82dc,krishsachdev246@gmail.com,/kaggle/working/SAiDL_Assignment/rl,f58862fc494a,/usr/bin/python3,2.0,4.0,Tesla T4,2.0,8656922775552,7481375879168,33662468096,"[{'name': 'Tesla T4', 'memoryTotal': '16106127360', 'cudaCores': 2560, 'architecture': 'Turing', 'uuid': 'GPU-92359173-9ca9-1584-69e6-87e4d39902ba'}, {'name': 'Tesla T4', 'memoryTotal': '16106127360', 'cudaCores': 2560, 'architecture': 'Turing', 'uuid': 'GPU-cbc1fb48-efd0-5643-ff45-a6ea77ae1f07'}]",13.0,ao78id08t3ox3rhsc9nz5hx39gyjd7qh,
78e2wcm0,rl_p3_attn_support_full_seed42,finished,2026-05-29T07:34:06Z,,https://wandb.ai/krishsachdev246-bits-pilani/saidl-rl/runs/78e2wcm0,final,13864.0,56.0,1780053907.8737156,{'runtime': 13864},-281.2597351074219,11.302146911621094,14.678128242492676,3321.9262798073164,1000000.0,Linux-6.6.122+-x86_64-with-glibc2.35,CPython 3.12.12,2026-05-29T07:34:05.288105Z,"['experiment.name=rl_p3_attn_support_full_seed42', 'agent=td3_transformer', 'env=hopper_full', 'seed=42', 'total_steps=1000000', 'eval_interval=10000', 'eval_episodes=10', 'logging.wandb.tags=[final]', 'checkpoint_interval=10000', '+resume=/kaggle/input/datasets/kacsav/rl-output/SAiDL_Assignment/rl/ckpt_latest_rl.pt']",/kaggle/working/SAiDL_Assignment/rl/src/train.py,rl/src/train.py,src/train.py,https://x-access-token:@github.com/Krish-Sachdev-7/SAiDL-Summer-Assignment2026.git,8599bbcb4ed12e42b5005e1aa84f2bd82d3f82dc,krishsachdev246@gmail.com,/kaggle/working/SAiDL_Assignment/rl,e0d1031a3948,/usr/bin/python3,2.0,4.0,Tesla T4,2.0,8656922775552,7481375715328,33662468096,"[{'name': 'Tesla T4', 'memoryTotal': '16106127360', 'cudaCores': 2560, 'architecture': 'Turing', 'uuid': 'GPU-03311378-4cc9-c85f-c976-34238e860bc7'}, {'name': 'Tesla T4', 'memoryTotal': '16106127360', 'cudaCores': 2560, 'architecture': 'Turing', 'uuid': 'GPU-447f32d8-10bb-795b-6b38-9bc33f30626c'}]",13.0,p310qpicb7fca0olma860x838tishjz7,
lwsokb8n,rl_p3_attn_support_hidden_seed42,finished,2026-05-29T11:25:30Z,,https://wandb.ai/krishsachdev246-bits-pilani/saidl-rl/runs/lwsokb8n,final,20559.0,99.0,1780074487.861253,{'runtime': 20559},-94.68728637695312,24.546918869018555,25.906829833984375,293.58132254336607,1000000.0,Linux-6.6.122+-x86_64-with-glibc2.35,CPython 3.12.12,2026-05-29T11:25:29.523770Z,"['experiment.name=rl_p3_attn_support_hidden_seed42', 'agent=td3_transformer', 'env=hopper_hidden_vel', 'seed=42', 'total_steps=1000000', 'eval_interval=10000', 'eval_episodes=10', 'logging.wandb.tags=[final]', 'checkpoint_interval=10000']",/kaggle/working/SAiDL_Assignment/rl/src/train.py,rl/src/train.py,src/train.py,https://x-access-token:@github.com/Krish-Sachdev-7/SAiDL-Summer-Assignment2026.git,8599bbcb4ed12e42b5005e1aa84f2bd82d3f82dc,krishsachdev246@gmail.com,/kaggle/working/SAiDL_Assignment/rl,e0d1031a3948,/usr/bin/python3,2.0,4.0,Tesla T4,2.0,8656922775552,7481375825920,33662468096,"[{'name': 'Tesla T4', 'memoryTotal': '16106127360', 'cudaCores': 2560, 'architecture': 'Turing', 'uuid': 'GPU-03311378-4cc9-c85f-c976-34238e860bc7'}, {'name': 'Tesla T4', 'memoryTotal': '16106127360', 'cudaCores': 2560, 'architecture': 'Turing', 'uuid': 'GPU-447f32d8-10bb-795b-6b38-9bc33f30626c'}]",13.0,ht8j2vbnwzmcwy5vzc9bqkh87f7xmte5,
